URL,Title,Content
https://www.wevity.com/?c=find&s=1&mode=end&gbn=viewok&gp=1&ix=86000,제6회 일상 속 작은 행복 시민 아이디어 공모전,제6회 일상 속 작은 행복 시민 아이디어 공모전인천 시민의 행복 편익 증진을 위한 생활밀착형 아이디어를 발굴하기 위해 제6회 일상 속 작은 행복 시민 아이디어 공모전 을 개최하오니 많은 참여 바랍니다 공모전명 일상 속 작은 행복 시민 아이디어 공모전 공모주제 인천시민의 행복 편익 증진을 위한 생활밀착형 아이디어 일상생활 속 불편함을 해결하는 톡톡 튀는 나만의 아이디어 시민이 행복한 인천시를 만들 수 있는 다양한 분야의 제안 접수기간 2024 4 11 목 5 8 수 28일간 접수 마감 당일 18 00까지 접수분에 한함 공모자격 인천시민 또는 인천에 사업체를 두고 있거나 인천 소재 직장 및 학교를 다니는 자 공무원 제외 접수방법 市 홈페이지 공모전 카테고리 이메일 팩스 심사기준 실시가능성 창의성 효율성 및 효과성 계속성 적용범위 시상내역 9명 팀 내외 상장 및 시상금 총 5백만 원 내외 금 상 1 300만원 이상 500만원 이하 은 상 1 200만원 이상 300만원 미만 동 상 1 100만원 이상 200만원 미만 장려상 2 50만원 이상 100만원 미만 노력상 4 10만원 이상 50만원 미만 문의사항 인천광역시 시정혁신담당관실 032 440 1653
https://www.wevity.com/?c=find&s=1&mode=end&gbn=viewok&gp=1&ix=86002,2024년도 제72회 교육주간 주제 및 교육사랑 사진 영상 일러스트 공모전,2024년도 제72회 교육주간 주제 및 교육사랑 사진 영상 일러스트 공모전 공모 주제 2024년도 제72회 교육주간 주제 및 교육사랑 사진 영상 일러스트 공모 공모 내용제72회 교육주간 주제 공모 교육의 중요성을 함께 인식하고 협력하자는 메시지 교육 당면 과제의 해결이나 교육이 나아갈 방향 교육사랑 사제동행 교육협력 스승존중 등의 취지를 담은 간결한 표어 문구 주제 1개 주제설명 200자 이내 교육사랑 사진 영상 일러스트 공모 교육사랑 사제동행 교육협력 스승존중 의미 등의 주제가 담긴 사진 영상 일러스트 카툰 웹툰 캘리그래피 자유 연출 작품 설명 포함 지원 자격 전 국민 교육을 사랑하는 누구나 모집 기간 제72회 교육주간 주제 공모 2024 4 8 월 4 22 월 교육사랑 사진 영상 일러스트 공모 2024 4 8 월 5 1 수 지원 방법 공모전 이메일 hongbosil kfta or kr 로 접수 시상내역 주제 공모 최우수 1명 모바일 상품권 30만원 우수 4명 모바일 상품권 10만원 장려 20명 모바일 상품권 5만원 접수자 소정의 상품권 지급 교육사랑 사진 영상 일러스트 공모 최우수 1명 모바일 상품권 50만원 우수 2명 모바일 상품권 30만원 장려 5명 모바일 상품권 10만원 접수자 소정의 상품권 지급 문의 사항 한국교총 대변인실 T 02 570 5532 3
https://www.wevity.com/?c=find&s=1&mode=end&gbn=viewok&gp=1&ix=86003,2024 고양문화재단 고양행주문화제 축제 서포터즈 모집,2024 고양문화재단 고양행주문화제 축제 서포터즈 모집
https://www.wevity.com/?c=find&s=1&mode=end&gbn=viewok&gp=1&ix=86005,2024년 제9회 장애인식개선 공모전,2024년 제9회 장애인식개선 공모전 공모기간 2024 4 11 목 5 10 금 5주간 참여대상 진주지역 초중고 재학생 및 청소년 결과발표 2024 6 5 수 복지관 홈페이지 개별연락 접수방법 우편 또는 방문 접수 마감일 소인 유효 공모 주제 장애에 대한 긍정적이고 올바른 인식 확산을 위한 그림 장애와 장애인에 대한 올바른 인식 확산 장애와 장애인에 대한 잘못된 편견 선입견 해소 장애인에 대한 차별 해소 장애인과 비장애인이 함께 살아가는 지역사회의 모습 기타 지역사회의 긍정적인 변화를 이끌어 낼 수 있는 것 등 시상내역 대상 진주시장상 1명 15만원 최우수상 진주교육지원청 교육장상 3명 10만원 우수상 진주시복지재단 이사장상 5명 7만원 장려상 진주시장애인총연합회장상 5명 3만원 특별상 경남장애인복지관협회장상 8명 1만원 진주시장애인종합복지관장상 10명 1만원 참가상품 참가상품 증정 문의 지역연계팀 이희섭 055 762 0179
https://www.wevity.com/?c=find&s=1&mode=end&gbn=viewok&gp=1&ix=86006,제7회 어린이 교통안전 창작 그림공모전,제7회 어린이 교통안전 창작 그림공모전 참가대상 대구광역시 관내 초등학생 전 학년 1 6학년 접수기간 2024 4 10 수 4 19 금 10 00 17 00 공모주제 어린이교통사고 예방과 교통질서 및 교통안전 의식을 높여요 공모부분 자유화 포스터 만화툰 등 자유형식 작품크기 8절 도화지 272mmx393mm 표현기법 재료 제한 없음 규격에서 벗어나는 경우 심사 제외 시상내역구분시 상 인 원훈 격비 고계12345660저학년고학년 시장상소계422대구광역시장상패 및시상품교육감상소계844대구광역시교육감경찰청장상소계844대구경찰청장교통안전상소계1010한국교통안전공단대구경북본부장1010손해보험협회동부지역본부장교통창의력상소계2020대구교통연수원장 문의처 대구어린이교통랜드 053 765 3401
https://www.wevity.com/?c=find&s=1&mode=end&gbn=viewok&gp=1&ix=86007,캐치프레이즈와 함께하는 IGC 상징 조형물 아이디어 공모전 기간연장,캐치프레이즈와 함께하는 IGC 상징 조형물 아이디어 공모전 참가 자격 누구나 공모 주제 IGC를 상징하는 창의적이고 독창적인 조형물 아이디어 제출 제출 기간 2024 3 11 월 5 3 금 시상 내역 1등 1 000 000원 1인 팀 2등 500 000원 1인 팀 베스트 캐치프레이즈 300 000원 제출양식 및 형식 신청서 제안서 작품사진파일 jpg png 또는 pdf 접수 방법 이메일 접수 contest igc or kr 유의 사항 작품의 저작권에 관한 민 형사상 책임은 참가자 본인에게 있습니다 공모제안에 부적절한 내용이 포함되어 있는 경우 제안에서 임의로 삭제될수 있습니다 최종 선정에 대한 저작권을 포함한 모든 권리는 인천글로벌캠퍼스운영재단에 귀속됩니다 모든 작품은 응모자의 독창적인 창작물이어야 하며 이전에 다른 공모전에 출품한 적이 없는 작품이어야 합니다 타인의 작품을 사용하거나 모방한 경우 심사에서 제외됩니다 수상 후 위반 사항이 발견될 경우 수상이 취소되고 모든 상금이 반환됩니다 참가자는 재단에서 요청 시 실제 설치를 위해 수정 또는 변경이 가능한 원본 파일을 제출해야 할 수도 있습니다 조형물 설치사업의 비용은 추후 결정되므로 예산상의 제약이 있을 경우 당선작의 디자인이 조정될 수 있습니다 유휴지 개발 환경에 따라 당선작 이외의 다른 작품이 설치될 수 있으며 이과정에서 재단 내부 검토를 거쳐 당선작이 설치되지 않을 수도 있습니다 공모전 상금에 대한 세금은 참가자가 부담합니다 문의 사항 contest igc or kr 032 626 0510 0514
https://www.wevity.com/?c=find&s=1&mode=end&gbn=viewok&gp=1&ix=86008,제1회 올툰 웹툰 공모전,제1회 올툰 웹툰 공모전안녕하세요 모바일 팀구매 커머스 플랫폼 올웨이즈의 만화서비스 올툰 입니다 제 1회 웹툰 공모전을 개최합니다 작가님들의 많은 관심과 성원 부탁 드립니다 응모 기간 2024 04 10 수 2024 05 24 금 자정 결과 발표 모집 기간 동안 수시 개별 연락 응모 자격 남녀노소 누구나 신인 기성 작가 개인 팀 지원 가능 출품 작품 수 제한 없음 단 수상은 작가 또는 팀당 1개 작품에 한함 유효 판매된 적 없는 신작만 가능하며 30 50화 이상 연재가 가능한 작품을 권장합니다 응모 분야 여성향 순정 로맨스 로맨스 판타지 장르 1회 이상 3회 이하 작품 주제 및 소재 자유 수상 혜택 수상작 1 대상 1작품 수상상금 5 000만원 올툰 정식연재 2 최우수상 1작품 수상 상금 3 000만 원 올툰 정식 연재 3 우수상 1 작품 수상 상금 500만 원 올툰 정식 연재 4 장려상 5 작품 수상 상금 200만 원 올툰 정식 연재 5 참여상 10작품 수상 상금 50만 원 연재 관련 협의 가능 수상 상금은 제세공과금이 포함된 금액입니다 팀 투고의 경우 대표자 1인 지급을 원칙으로 합니다 응모 형식 제출 내용 1화 이상 3화 이하 완성 원고 및 참가 신청서1 완성원고 회당 스크롤 60컷이상 스크롤 원고 가로 720px 세로 자유 기준 포맷 JPG zip으로 압축해 제출 기준 해상도 72dpi 2 참가 신청서 캐릭터 시트 및 시놉시스 참가 신청서 양식은 자유 해당 내용 기재 응모 조건 1인이 여러 개 원고 응모 가능 단 수상은 1작품만 가능 응모자 본인이 저작권을 보유한 순수 창작물 공동작업인 경우 참여자들의 응모 동의 필수 상업적 목적으로 발표된 적이 없는 작품 타 공모전 제출 작품도 연재 계약이 안 된 상태라면 응모 가능 미성년자의 경우 성인작품 응모 불가 응모 방법 공모전 참가 신청서 완성 원고를 이메일로 제출 접수 및 문의 메일 altoon ilevit com 심사 기준 응모 분야 및 응모 조건의 충족 여부 스토리 완성도와 그림의 독창성 평가 캐릭터의 개성과 감정 표현력 평가 컷 구성력 및 대사 처리의 정확성 평가 유의 사항 상금에 대한 제세공과금은 수상자 본인 부담입니다 상금에서 공과금 제하여 입금 상금은 작품별 계약 후 개별 지급되며 연재 계약은 수상과는 별도로 진행됩니다 공동 작업팀이 수상한 경우 상금은 대표자의 계좌로 입금됩니다 상금은 계약 진행 후 1차로 총 상금의 40 가 익월 10일에 선입금되며 남은 금액은 창작지원금 형태로 연재가 확정된 날로부터 익월 10일에 입금됩니다 본인이 저작권을 보유한 순수 창작물만 지원 가능합니다 공동 작업의 경우 모든 참여자의 동의가 있어야 응모 가능합니다 출판 유료판매 유료연재 등 상업적으로 발표된 적 없는 작품만 가능합니다 타 공모전 제출 작품이어도 연재 및 계약되지 않은 작품은 응모 가능합니다 복수작 응모는 가능하나 중복 수상은 불가합니다 수상 작품은 반드시 자사 플랫폼에서 연재해야 하며 타 플랫폼과 계약 연재할 경우 수상이 취소됩니다 수상작 발표일는 내부 사정에 따라 변경될 수 있습니다 기준에 미달할 경우 수상자가 없을 수 있습니다 작품의 저작권은 작가님에게 있습니다 수상 후 홍보 및 배너 제작 등을 위해 고해상도의 원고 이미지를 요청드릴 수 있습니다 다음의 경우 수상 취소 및 상금 환수 조치합니다 a 심사 기간 혹은 당선 후 출간 또는 이중계약 사실이 밝혀지는 경우 b 심사 기간 혹은 당선 후 타 작품의 저작권을 침해한 사실 생성형 AI 사용 등 이 밝혀지는 경우 c 수상 후 수상자가 계약을 거부하는 경우 d 수상 후 6개월 이내에 정당한 사유 없이 웹툰 작업이 진행되지 않을 경우 감사합니다
https://www.wevity.com/?c=find&s=1&mode=end&gbn=viewok&gp=1&ix=86009,2024년 안양 문화예술 공간 활성화 지원사업 공모,2024년 안양 문화예술 공간 활성화 지원사업 공모
https://www.wevity.com/?c=find&s=1&mode=end&gbn=viewok&gp=1&ix=86010,캐논 EOS R50 파워샷 V10 카메라 서포터즈 모집,캐논 EOS R50 파워샷 V10 카메라 서포터즈 모집사진이든 영상이든 캐논이면 끝 나만의 캠퍼스 라이프를 작품처럼 담아줄 캐논 EOS R50 파워샷 V10 서포터즈 모집 안내 서포터즈 혜택1 서포터즈 수료한 전원 체험제품 증정 EOS R50 10명 파워샷 V10 10명 캐논 카메라 서포터즈 공식 활동 인증서 수여 2 발대식 참여자 전원 C Logue 에코 컴팩트 멀티 파우치 증정 3 우수서포터즈 경품 대상 전체 1명 백화점 상품권 30만원 최우수상 제품별 1명 C Logue 프리미엄 롱 레인 쟈켓 사이즈 택1 우수상 제품별 2명 C Logue 모던 클래식 쇼퍼백 색상 택1 모집 기간 2024 4 8 월 2024 4 28 일 23 59까지 모집 결과 발표 2024 5 3 금 활동기간 2024 5 11 토 2024 6 14 금 23 59까지 지원 자격 4 30 화 까지 에브리유니즈 학생복지스토어 인증을 완료한 대학생 대학원생 재학생 휴학생 졸업예정자 가능 캐논 브랜드에 관심이 있는 학생 사진 촬영 및 영상 제작에 관심이 있는 학생 SNS 콘텐츠 제작 및 홍보 능력이 있다면 가산점 대외활동 내용 캐논 EOS R50 혹은 파워샷 V10 제품 체험 SNS 홍보 콘텐츠 제작 카메라 강좌 출사 등 오프라인 행사 참여 서울 주요 유의사항 1 4월 30일 기준 에브리유니즈 대학생 인증 여부가 확인되지 않는 경우 선발에서 제외됩니다 2 서포터즈 활동 중 제작된 게시물은 주 캐논코리아 주 유니브스토어 에브리유니즈 에서 3년 간 마케팅 홍보 등의 목적으로 복제 배포 전송 전시 편곡 변형 각색 영상제작 번역 등의 방식으로 이용할 수 있습니다 3 잘못된 개인정보 입력 기타 사유 등으로 선발된 인원에게 연락이 불가능할 경우 선발이 취소되며 이에 대해 당사에서는 책임지지 않습니다 4 서포터즈 선정 후 별도 제공하는 가이드 일정에 맞게 초안 작성 후 메일로 제출이 필요하며 가이드에 부합하지 않는 경우 보강 요청드릴 수 있습니다 5 5만원 초과 경품에 발생하는 제세공과금은 주 캐논코리아에서 부담하며 체험 제품 제공 기타소득의 신고 및 제세공과금 납부를 위해서 수집한 개인정보를 주 마콘컴퍼니에서 제공합니다 문의 사항 이메일이 아닌 고객센터로만 연락 요청 학생복지스토어 고객센터 02 6352 9331 평일 10 00 18 00 점심시간 12 00 13 00 주말 공휴일 휴무
https://www.wevity.com/?c=find&s=1&mode=end&gbn=viewok&gp=1&ix=86011,2024 양구 생활인구 서포터즈 양치기 모집,2024 양구 생활인구 서포터즈 양치기 모집 모집 기간 2024년 4월 9일 화 2024년 4월 18일 목 18시까지 모집 인원 7명 지원 자격 지역소멸문제에 관심이 있고 네이버 블로그 등 개인 SNS를 활발하게 운영하는 성인 2005년생 이상 우대 사항① 지역소멸 문제를 비롯하여 지역 문제에 관심이 있는 자② SNS 채널을 활발하게 운영하고 콘텐츠 제작에 관심이 있는 자③ 서포터즈 및 기자단 경험이 있는 자 선발 절차 구글폼 링크 또는 QR코드 접속하여 지원서 제출 서류 심사 후 합격자 안내 링크 https forms gle kkLrpdsB9Mht5N8a7 합격자 발표 4월 22일 월 개별 통보 양구 유튜브 서포터즈와 중복 지원 불가 오리엔테이션 2024년 4월 26일 금 온라인으로 진행 대외활동 기간 2024년 5월 11월 7개월 필수 활동① 매월 블로그 1건 게시② 인스타그램 5건 게시③ 양구 DMO 콘텐츠 공유 좋아요 등 서포터 활동 5회 이상 활동 혜택① 매월 콘텐츠 원고료 지급 최대 월 10만원 ② 양구 1박2일 체류비 지급 11만원 2회 지급 ③ 활동 종료 후 수료증 지급 및 우수활동자 상금 10만원 지급 문의 inyanggu0213 gmail net 070 4351 1175
https://www.wevity.com/?c=find&s=1&mode=end&gbn=viewok&gp=1&ix=86012,2024 ST SeedCamp 서울과학기술대학교 기술지주 창업캠프,2024 ST SeedCamp 서울과학기술대학교 기술지주 창업캠프 개최 목적 대학가 창업문화 확산 및 창업 생태계 조성 대학 기반의 유망 기술창업자 및 자회사 후보 기업 발굴을 통해 사업화 및 성장 지원 본 프로그램 운영을 통해 정기적인 신생기업의 발굴 육성 투자 프로세스 구축 기간 및 일정 신청기간 2024년 4월 9일 4월 19일 금 23 59까지 프로그램 일정 2024년 4월 29일 5월 30일 금 프로그램 일정간 3번의 교육 1번의 멘토링 진행 후 모의 IR 및 데모데이 개최 예정 세부 프로그램 내용은 공고문 참조 지원자격 대학발 학부생 대학원생 연구원 포함 예비창업자 사업자등록이 되지 않은 예비창업자 공고일 기준 접수방법 e mail 접수 ceo portzone co kr 제출서류 참가신청서 지정양식 1부 붙임1 사업계획서 지정양식 1부 붙임2 또는 IR자료 자유양식 1부 중 선택 개인정보 수집 및 이용 동의서 지정양식 참가 구성원별 1부 붙임3 공모전 시상내역 대상 50만 원 1팀 최우수상 30만 원 1팀 우수상 20만 원 1팀 참가혜택 전 참가팀 서울과학기술대학교 기술지주 대표 명의 활동 참가 인증서 수여 서울과학기술대학교 기술지주 홍보기사 배포 수상팀 인터뷰 기사 등 데모데이 현장 영상 송출 인스타그램 유튜브 채널명 요즘것들 서울과학기술대학교 및 기술지주 운영 프로그램 참여 및 후속 성장지원 등 문의 포트존 대표이사 송준 1551 9985
https://www.wevity.com/?c=find&s=1&mode=end&gbn=viewok&gp=1&ix=86013,2024년 구리문화재단 청년 예술인 전시지원 공모사업 모집,2024년 구리문화재단 청년 예술인 전시지원 공모사업 모집 접수기간 2024 4 1 월 5 14 화 16 00 마감
https://www.wevity.com/?c=find&s=1&mode=end&gbn=viewok&gp=1&ix=86014,한국관광 사진기자단 FRAME KOREA 2기 모집,한국관광 사진기자단 프레임코리아 2기 모집 공모 내용한국 관광 당신의 눈으로 담아 전 세계에 보여주세요 전 세계 관광객들의 마음을 사로잡는 사진을 찍고 싶은 당신 FRAME KOREA 2기가 당신을 기다립니다 지원 자격 한 컷 사진으로 전 세계에 한국을 알리고 싶은 누구나 긴 변 4 000px 이상 디지털 카메라 소유자 소유자 DSLR 미러리스 등 모집 기준 디지털카메라 외 드론 보유자 촬영가능자 및 사진 공모전 수상 경력자 우대 모집 기간 모집 기간 2024 4 9 화 4 28 일 23 59 까지 1차 서류 합격자 발표 2024 5 9 목 합격자 개별 통지 2차 면접일자 2024 5 14 화 온라인 진행 합격자 발표 2024 5 17 금 합격자 개별 통지 지원 방법 지원서 작성 https bit ly framekorea2 구글 로그인 후 작성 가능 사전 미션 수행 ① 1년 내 국내 관광지 2곳에서 직접 촬영한 사진 원본 제출 10컷 각 장소별 5컷 ② 제출한 사진이 업로드 된 SNS URL 제출 FRAMEKOREA2기 해시태그 포함 게시물 전체공개 필수 대외활동 내용 관광 트렌드 반영 자체 기획 사진 촬영 테마별 한국관광 버킷사진 촬영 미션 수행 활동 혜택 미션 수행료 지급 수료증 수여 및 우수활동자 시상 한국관광공사 사장상 2명 한국관광 사진전 전시 한국관광공사 사진갤러리 등재 문의 사항 한국관광사진기자단 운영사무국 E mail help event korea gmail com
https://www.wevity.com/?c=find&s=1&mode=end&gbn=viewok&gp=1&ix=86015,2024 전주신진예술가지원 공모,2024 전주신진예술가지원 공모 접수기간 2024 4 5 금 4 15 월 18 00 지원대상 전주를 연고로 활동하는 신진예술가 공모분야 미발표 창작품 및 실연되지 않은 예술 프로젝트 문학 공연예술 시각예술 다원예술 등 예술 전 분야 지원내용최소 3 000천원 최대 8 000천원 총 36 000천원 차등지급 창작활동에 집중할 수 있도록 무정산 시상금 형태로 지원금 지급 중간과정공유 워크숍 및 전문가 일대일 컨설팅과 리뷰 제공 전주문화재단 산하 공연장 및 전시공간 지원 상황에 따라 변동될 수 있음 문의 전주문화재단 전주신진예술가지원 사업 담당자 063 211 9277
https://www.wevity.com/?c=find&s=1&mode=end&gbn=viewok&gp=1&ix=86016,한국관광공사 강원지사 가봄기자단 6기 모집,한국관광공사 강원지사 가봄기자단 6기 모집한국관광공사 강원지사 가봄기자단 6기를 모집합니다 성실하게 기자단에 임해주실 분들의 많은 신청과 관심 부탁드립니다 선발인원 대학생 일반인 10명 발대식 참여 필수 5월 9일 또는 10일 예정 지원자격 강원도를 사랑하는 누구나 신청 가능 금년도 공사 타부서 지자체 기자단 활동자 제외 전년도 강원지사 가봄 활동자 지원 가능 우대조건 SNS 활동이 활발하며 사진 및 동영상 촬영 편집 능력이 우수한 자 강원도 월 1회 취재 가능한 자 당일취재 또는 1박 2일 취재 지원방법 아래의 구글폼으로 신청 https forms gle Vh8miK5HnBuG8Ket5 대외활동 기간 5월 11월 선정자 발표 4월 24일 목 ㅣ개별문자 미션활동1 여행취재 취재 1회 당 인스타그램 2건 블로그 1건 커뮤니티 1건 업로드 필수2 관광이슈 홍보 공사 제공 자료를 본인 인스타그램 또는 블로그에 홍보
https://www.wevity.com/?c=find&s=1&mode=end&gbn=viewok&gp=1&ix=86018,2024년도 관세평가 및 품목분류 연구논문 공모전,2024년도 관세평가 및 품목분류 연구논문 공모전 참가 자격 관세행정에 관심 있는 사람 누구나 3인 이내 팀구성 가능 공모 분야 관세평가 품목분류 2개 부문 참가 신청 기간 2024 4 8 월 5 20 월 연구 주제 각 주제에 대한 세부내용은 별첨 5 참조 권고 주제 아래 주제 중 하나를 선택 관세평가 부문 1 다국적 기업의 이전가격 TP 사후보상조정 금액의 관세평가 처리방안 2 CIF체계에서 운임 및 관련 비용의 평가처리 운임가산의 원칙과 사례를 중심으로 3 구매자의 자기계산행위와 간접지급금액 판단기준 연구 4 생산지원 물품 및 용역의 범위에 따른 관세평가 처리 5 권리사용료의 거래조건성 판단기준 연구 제3자에게 지급되는 권리사용료와 구매선택권 6 보세공장 제품과세 물품의 합리적인 관세평가 방안 품목분류 부문 1 HS 제8541호의 반도체 디바이스의 범위에 관한 연구 2 관세율표 식이보조제 호 신설에 따른 품목분류 체계 연구 3 각종 자동차 전장부품에 대한 적정한 품목분류 연구 4 관세율표의 소매용 소매용 포장 소매용 모양 에 관한 연구 5 글로벌 탄소국경조정제도 도입 움직임과 HS 품목분류 적정성 확보방안 연구 자율 주제 권고주제 외에 연구자가 자율적 선정 연구자가 선정한 주제가 관세평가 및 품목분류와 관련성이 낮다고 판단되는 경우 참가 신청을 반려할 수 있으며 논문 심사 평가 시 권고주제를 선택한 연구논문에 가점을 부여할 수 있습니다 논문 형식 및 분량 A4 용지 25매 내외 서술식 논문 小논문 연구보고서 형식도 가능 별첨 논문 작성 요령을 참고 별첨 6 하되 자유형식 가능 A4 용지 25매 내외를 표준으로 하며 본문 분량 별첨 또는 참고자료 제외 이 50매를 초과할 경우 평가점수 5 범위 내에서 감점될 수 있습니다 논문 후단에 해당 논문에 대한 요약서 2 3 page 분량 를 필수 작성 제출하여야 합니다 공모전 시상내역 대상 1 관세청장 상장 및 상금 400만원 최우수상 2 관세청장 상장 및 상금 200만원 우수상 3 관세청장 상장 및 상금 150만원 장려상 5 관세평가분류원장 상장 및 상금 50만원 문의처 관세평가 관세평가분류원 관세평가과 장현주 주무관 042 714 7549 M wlals0430 korea kr 품목분류 관세평가분류원 품목분류1과 문승용 전경원 주무관 042 714 7534 7528 M yong7377 korea kr M kyeongone korea kr
https://www.wevity.com/?c=find&s=1&mode=end&gbn=viewok&gp=1&ix=86019,2024년도 관세평가 판례평석 공모전,2024년도 관세평가 판례평석 공모전 참가 자격 관세행정에 관심 있는 사람 누구나 3인 이내 팀구성 가능 공모 분야 관세평가 1개 부문 참가 신청 기간 2024 4 8 월 5 20 월 평석 대상 권고 주제 다음 판례 중에서 선택 상세내역 별첨 5 참조 자율 주제 권고주제 외 연구자가 자율적 선정 평석 형식 A4 용지 15매 내외의 서술식으로 대법원 판례해설의 형식을 참조하여 자유롭게 구성 가능 별첨 평석 작성 요령을 참고 별첨 6 별첨 7 하되 자유 형식 가능 A4 용지 15매 내외를 표준으로 하며 전체 분량 별첨 또는 참고자료 제외 이 50매를 초과할 경우 평가점수 5 범위 내에서 감점될 수 있습니다 평석 후단에 해당 평석에 대한 요약서 2 3 page 분량 를 필수 작성 제출하여야 합니다 대법원 판례해설은 법원도서관 홈페이지에서 검색 가능합니다 공모전 시상내역 대상 1 관세청장 상장 및 상금 300만원 최우수상 2 관세청장 상장 및 상금 150만원 우수상 3 관세청장 상장 및 상금 100만원 장려상 5 관세평가분류원장 상장 및 상금 50만원 문의처 관세평가분류원 관세평가과 장현주 주무관 T 042 714 7549 M wlals0430 korea kr
https://www.wevity.com/?c=find&s=1&mode=end&gbn=viewok&gp=1&ix=86020,2024 국가유산 방문 캠페인 활동가 모집,2024 국가유산 방문 캠페인 활동가 모집 모집 내용오랜 시간 지켜온 소중한 우리 유산의 가치를 알리고 대한민국 국가유산 여행의 트렌드를 이끌어가고 있는 국가유산 방문 캠페인 방문자 여권투어 와 함께 할 활동가를 모집합니다 국가유산 방문 캠페인 활동가는 전국 곳곳에 위치한 국가유산을 여행하고 방문하는 사람들을 위해 방문자 여권 투어의 셀프 체험존을 직접 돌아보며 관리하는 활동을 합니다 국가유산의 아름다움을 눈으로 직접 보고 걸으며 가치 있는 활동을 이어나갈 국가유산 방문코스 활동가 에 함께 해주세요 모집 일정 모집 기간 2024 4 12 금 5 10 금 24 00 까지 서류 발표 2024 5 14 화 개별연락을 통한 안내 면접 심사 2024 5 16 목 17 금 비대면 심사 Zoom 결과 발표 2024 5 22 수 개별연락을 통한 안내 결과 발표 후 발대식 예정 비대면 zoom 선정된 활동가 대상 일정 안내 모집 대상 국가유산에 관심 있는 대한민국 국민 누구나 만 20세 60세 장거리 이동이 가능한 분 운전 가능자 우대 활동가 주요 일정에 참석 가능하며 적극적이며 지속적인 활동이 가능한 분 국가유산 방문코스 거점 활동가 및 인근 거주자 우대 우리 국가유산을 아끼고 사랑하는 마음이 있는 분 국가유산기본법 전 문화재보호법 및 기타 관련 법령을 준수하고 따르는 분 선발인원 총 15명 거점 담당자 14명 외 예비 담당자 1명 활동 일정 2024 6 1 토 11 30 토 6개월 주요일정 매월 마지막 주 수요일 줌 회의 활동 내용 국가유산 방문코스 권역별 거점 셀프체험존 스탬프 등 관리 권역별 지정 주기에 따라 관리 후 인증 완료 시 활동 인정 방문자 여권투어 셀프체험존 관리 국가유산 방문코스 활동가 교육 및 정기회의 참석 대외활동 혜택 활동비 지급 1회 당 10만원 내외 관리 거점 별 상이 관리거점 이동 거리에 따른 유류비 추가 지급 관리 거점에 따라 협의 활동 이수 시 국가유산 방문 캠페인 활동가 인증서 발급 활동 권역 권역관리거점관리거점점검주기 월 관리거점 1권역서울 경기 서울 김포 인천 2회 서울 경복궁 한국의집 창덕궁 종묘 김포 장릉 인천 인천국제공항 T1 2권역경기 1 포천 연천 철원 2회 포천 한탄강지질공원센터 아트밸리 비둘기낭 화적연 철원 고석정 연천 호로고루 전곡리유적 3권역경기 2 강화 화성수원 광주2회 강화 고인돌유적 전등사 수원 수원화성 화성 융건릉 광주 남한산성 4권역경북 1 영주 안동 3회 영주 부석사 소수서원 안동 도산서원 병산서원 하회마을 봉정사 5권역경북 2 경주 3회 경주 옥산서원 석굴암 대릉원 계림 월성 6권역강원 강릉 평창속초 양양2회 강릉 경포대 오죽헌 선교장 속초 신흥사 양양 낙산사 평창 월정사 7권역충청 1 익산 부여 2회 전북 익산 왕궁리유적 미륵사지 부여 능산리고분군 정림사지 부소산성 나성 8권역충청 2 논산 공주 보은 2회 논산 돈암서원 보은 법주사 공주 공산성 마곡사 9권역전북 전주 임실장성 정읍 고창 2회 장성 필암서원 고창 판소리박물관 정읍 무성서원 임실 필봉농악전수관 전주 국립무형유산원 10권역전남 1 남원 순천 함양 2회 남원 유곡리와두락리고분군 광한루원 순천 송광사 선암사 함양 남계서원 11권역전남 2 해남 진도 2회 해남 대흥사 우수영국민관광지 진도 국립남도국악원 목포 해양유물전시관 12권역경남 1 김해 양산 고성 2회 김해 국립김해박물관 수로왕릉 대성동고분군 고성 송학동고분군 양산 통도사 13권역경남 2 대구 고령함안 창녕 합천 2회 고령 지산동고분군 합천 해인사 달성 도동서원 합천 옥전고분 창녕 송현동고분군 함안 말이산고분군 14권역제주 제주시 2회 용머리해안 산방산 주상설리대 쇠소깍 성산일출봉 거문오름 활동 권역은 1일 이동 기준 최대 4시간 내외의 지역이며 거점 관리에 따라 변경이 있을 수 있습니다 거점 간 이동거리에 따라 활동비 유류비 가 협의를 통해 추가 지급 됩니다 지원방법 온라인 지원 QR코드 인식하여 연결된 구글폼 지원서 양식 작성 및 제출 신청폼 주소 https forms gle jpMHAedhNHCqfzMM7 문의처 전화 국가유산 방문코스 활동가 사무국 02 549 2234 11 00 17 00 메일 aendact naver com
https://www.wevity.com/?c=find&s=1&mode=end&gbn=viewok&gp=1&ix=86022,2024년도 대학 원 생 리서치 공모전,2024년도 대학 원 생 리서치 공모전 참가 자격 관세행정에 관심 있는 대학 원 생 3인 이내 팀구성 가능 대학교 대학원에 재학 또는 휴학 중인 학생을 참여 대상으로 하며 향후 수상자 결정 시 재학증명서 등 증빙자료를 요구할 수 있습니다 공모 분야 관세평가 및 품목분류 연구를 위한 리서치 참가 신청 기간 2024 4 8 월 5 20 월 리서치 방법 문헌조사 Literature Research 및 분석 주요국 미국 일본 EU 등 웹 사이트 등 검색 국내외 학술지 논문 관련 기관 협회 학회 기업체 보고서 등 다양한 자료조사 및 분석 시사점 도출 해외자료 사례 기업분석보고서 회계보고서 등 다양한 자료 활용가능 출처명시 리서치 주제 각 주제에 대한 세부내용은 별첨 5 참조 권고 주제 아래 주제 중 하나를 선택 관세평가 부문 1 다국적 기업의 글로벌 소싱 사례 수집 및 분석 2 산업별 국제거래 상관행 특성 분석 및 사례 수집 3 핵심 산업별 키워드 KeyWord 를 통한 이슈 분석 4 디지털경제 전환에 따른 국경간 전자상거래 Cross Border E Commerce 유형조사 5 인코텀즈 INCOTERMS 별 과세가격 산정기준 조사 6 권리사용료 관련성과 거래조건에 따른 해외사례 수집 품목분류 부문 1 원유와 석탄의 가공단계별 생산품의 종류 및 상세설명 사진 그림 포함 2 각종 기계에 사용되는 범용성 부분품에 분류되는 물품에 대한 조사 사진 그림 포함 3 다양하게 활용되는 밸브 HS 제8481호 및 베어링 HS 제8482호 에 대한 조사 사진 그림 포함 4 평직물 능직물 등과 이들의 변화 직물 등을 구분하는 국제 국내 기준이나 체계 조사 사진 그림 또는 샘플 포함 자율 주제 권고주제 외에 연구자가 자율적 선정 연구자가 선정한 주제가 관세평가 및 품목분류와 관련성이 낮다고 판단되는 경우 참가 신청을 반려할 수 있으며 리서치 심사 평가 시 권고주제를 선택한 리서치에 가점을 부여할 수 있습니다 형식 및 분량 A4 용지 15매 내외 서술식 보고서 小논문 연구보고서 형식도 가능 별첨 작성 요령을 참고 별첨 6 하되 자유형식 가능 A4 용지 15매 내외를 표준으로 하며 본문 분량 별첨 또는 참고자료 제외 이 50매를 초과하지 않도록작성할 것을 권장합니다 필요시 해당 리서치에 대한 요약서 2 3 page 분량 를 첨부할 수 있습니다 공모전 시상내역 대상 1 관세청장 상장 및 상금 150만원 최우수상 2 관세청장 상장 및 상금 100만원 우수상 3 관세청장 상장 및 상금 80만원 장려상 5 관세평가분류원장 상장 및 상금 50만원 문의처 관세평가 관세평가분류원 관세평가과 장현주 주무관 042 714 7549 M wlals0430 korea kr 품목분류 관세평가분류원 품목분류1과 문승용 전경원 주무관 042 714 7534 7528 M yong7377 korea kr M kyeongone korea kr
https://www.wevity.com/?c=find&s=1&mode=end&gbn=viewok&gp=1&ix=86023,제1회 메가주X한국관광공사 반려동물 동반여행 사진 공모전,제1회 메가주X한국관광공사 반려동물 동반여행 사진 공모전 공모 분야 사진 응모 자격 강아지 고양이를 사랑하는 누구나 응모 가능 반려인 비반려인 모두 가능 1인당 1개의 주제 사진 응모 가능 개인 응모만 가능 팀별 응모 불가 연령 제한 없이 출품 가능 응모 주제 반려동물과의 국내여행 자연에서의 모험 등산 해변 등 반려인과 함께 자연을 누리는 모습 반려동물과의 첫 여행 여행 중 처음으로 겪는 경험들 처음 타본 비행기 처음 본 바다 등 문화와의 만남 전통의상을 입은 반려동물 랜드마크 앞에서의 반려동물 등 반려동물과의 교감 여행을 통해 반려인과 반려동물의 깊은 유대감과 사랑을 보여주는 순간 공모 일정 접수기간 2024년 4월 8일 월 2024년 4월 18일 목 18 00까지 1차 심사 결과발표 2024년 4월 22일 월 주제별 10명씩 선정 2차 대국민 온라인 투표 2024년 4월 22일 월 2024년 5월 3일 금 1차 선정작 40작 에 한하여 투표 자체 페이지 내 온라인 투표 결과 발표 2024년 5월 7일 화 개별안내 예정 상금 전달 2024년 5월 17일 금 메가주 현장 내 시상식 상황에 따라 일정은 변경될 수 있음 1차 심사 기준 주제적합성 20 독창성 20 활용성 20 대중성 20 완성도 20 시상 내역 대상 1명 한국관광공사 사장상 상금 100만원 우수상 4명 상금 10만원 상황에 따라 시상 규모 변경될 수 있음 출품내역 신청폼 https forms gle EzKQfor6Xm8YddH4A 파일형식 jpg jpeg png 모든 이미지는 저작권 초상권 등의 법적 문제가 없어야 함 수상 시 고해상도 원본파일 장변 3 000픽셀 이상 300dpi 이상 필수 제출 주의사항 1인 1개의 사진만 제출 가능 응모자는 응모한 작품이 초상권 저작권 등 제3자의 저작권을 침해하지 않도록 해야 하며 이러한 부정행위로 인해 발생한 모든 법적 책임은 응모자에게 있음 응모 형식 및 주제와 맞지 않는 작품 다른 공모전에서 입상한 작품 및 표절 복제 등으로 타인의 지적재산권 등을 침해한 경우 심사에서 제외하며 수상 후에라도 이 사실이 밝혀질 경우 수상을 취소하고 상장 및 상금 등은 일체 회수함 1차 선정작부터 최종 수상작은 주식회사 메쎄이상에서 주최하는 케이펫페어 메가주 에서 작품 전시 홍보 목적 등의 용도로 사용할 수 있으며 이 외에도 한국관광공사 반려동물 동반여행 활성화 사업 홍보 용도로 사용될 수 있음 필수 제출내용 누락 제출서류 임의서식 서류미비 허위기재 이미지 왜곡 및 합성 등도 포함 의 경우 심사에서 제외될 수 있으며 제출서류의 보완 및 수정은 불가함 심사 내용은 공개하지 않고 심사 결과에 따라 수상작이 없거나 변경될 수 있음 수상자는 수상작 발표일로부터 3일 이내에 원본데이터를 제출해야 하므로 별도 보관 필요 제출한 원본 데이터가 응모작과 일치하지 않거나 기한 내에 제출하지 않은 경우 또는 기재된 연락처가 불분명하여 연락되지 않는 경우 수상에서 제외할 수 있음 공모와 관련된 모든 변경사항 공지사항 등은 개별 안내되지 않으며 케이펫페어 홈페이지 공지사항에 안내 문의사항 02 6121 6468 petlife es esgroup net
https://www.wevity.com/?c=find&s=1&mode=end&gbn=viewok&gp=1&ix=86024,2024 구미시 금리단길 로컬브랜딩 마스터플래너 모집,2024 구미시 금리단길 로컬브랜딩 마스터플래너 모집 모집기간 2024 04 08 월 04 25 목 20일간 모집대상 구미시 선주원남동 금리단길 로컬브랜딩 마스터플랜 수립에 관심 있는 지역주민 40명 활동기간 2024 4월 7월 2 5개월 대외활동 내용 마스터플래너 발대식 워크숍 비전선포식 참석 모집방법 해당 신청서 제출 또는 방문접수 구미시 도시재생지원센터
https://www.wevity.com/?c=find&s=1&mode=end&gbn=viewok&gp=1&ix=86025,제29회 경기도 건축문화상 공모전,제29회 경기도 건축문화상 공모전 작품접수 사용승인 건축물 부문 1차 접수 5월17일 금 31일 금 2차 접수 6월24일 월 28일 금 예정 계획작품 부문 1차 계획안 접수 6월20일 목 26일 수 평일09 00 18 00 2차 모형 패널 접수 8월21일 수 27일 화 예정 평일09 00 18 00 우편접수시 접수기간안에 도착분에 한함 응모부문 및 대상본 행사에 기 출품된 사실이 없어야 하며 한국건축문화대상에서 기 입상된 작품은 제외함 사용승인 건축물 부문 2021 1 1 2023 12 31 사이 사용승인된 경기도 소재 건축물 신청자격 출품건축물의 건축물대장에 명시되어 있는 대표 설계자 시공자 건축주이어야 함 1인이 다수 작품 출품시 상위 1개 작품만 수상작으로 선정 계획작품 부문 미발표 창작 작품 작품주제 NEW PARADIGM 새로운 변화 주제에 대한 세부내용은 경기건축문화제 홈페이지 www gaf or kr 에서 참조 국내ㆍ외 대학교 대학원ㆍ대학 포함 건축전공 학생 대한민국 국적을 가진 사람에 한함 의 작품 작가 명의는 3인을 초과할 수 없으며 참여작가는 1작품 참여로 제한 시상내역 본상 도지사 賞 계획작품부문 대상 1점 상장 상금 500만원 금상 1점 상장 상금 300만원 은상 3점 상장 상금 각100만원 사용승인건축물부문 대상 1점 설계자 상장 시공자 상장 건축주 기념동판ㆍ상장 금상 4점 설계자 상장 시공자 상장 건축주 기념동판ㆍ상장 은상 4점 설계자 상장 시공자 상장 건축주 기념동판ㆍ상장 특별상 Ⅰ 안산시장 賞 특별상 안산시 시장상 사용승인 3 계획 3 사용승인 상장 계획 상장 및 상금 각50만원 특별상 Ⅱ 유관단체장 賞 상장 및 상금 각 50만원 상금은 설계자에 한함 대한건축사협회 경기도건축사회장상 사용승인 5 계획 5 한국 건축가협회 경기건축가회장상 사용승인 1 계획 1 경기주택도시공사 사장상 계획 1 LH 경기남부지역본부장상 사용승인 1 대한건설협회 경기도회장상 사용승인 1 계획 1 대한주택건설협회 경기도회장상 사용승인 1 계획 1 안산지역건축사회 회장상 사용승인 1 계획 1 특선상 계획 00개 입선상 사용승인 계획 00개 문의 경기건축문화제 집행위원회 전화 031 269 6131
https://www.wevity.com/?c=find&s=1&mode=end&gbn=viewok&gp=1&ix=86026,K POP Culture Festa,K POP Culture Festa 사전 접수 기간 2024 04 09 화 2024 04 19 금 18 00까지 공연 일정 및 장소 일정 2024년 4월 26일 금 18 30 장소 스타필드 코엑스몰 B2 라이브플라자 서울특별시 강남구 영동대로 513 코엑스몰 지하 2층 지원 자격 K POP 과 댄스를 사랑하는 누구나 접수 방법1 K POP 커버 댄스 영상 촬영2 K POP 커버 댄스 영상을 필수 해시태그와 함께 유튜브 업로드 필수 해시태그 Ktown4ucoverDance Ktown4u3 신청서 작성하면 완료 결과 발표 2024 04 23 18 00 예정 개별 문자 안내 예정 공모전 시상내역 1등 1팀 100만원 ktown4u coex Academy 댄스 원데이 클래스 무료 수강권 인기상 1팀 20만원 상당의 상품권 Ktown4u coex Academy 댄스 원데이 클래스 무료 수강권 유의 사항1 커버 댄스 음원은 1분 이상 3분 이내로 편집 후 촬영해야 함 1분 이하는 인정 X 2 영상 내 임의로 이미지 문구 삽입 교차 편집 등 추가 편집 금지3 전체 팀원이 나올 수 있도록 정면 촬영이어야 함 문의 사항 02 552 9602 또는 카카오채널 Ktown4u coex Academy
https://www.wevity.com/?c=find&s=1&mode=end&gbn=viewok&gp=1&ix=86027,제10회 인천광역시 공공데이터 활용 경진대회,제10회 인천광역시 공공데이터 활용 경진대회 공모분야 ① 아이디어 기획 ② 제품 및 서비스 개발① 아이디어 기획 공공데이터를 활용한 창의적인 아이디어로 사회문제를 해결하고 창업 및 사업화로 이어질 수 있는 구체적인 기획 안 제시 ② 제품 및 서비스 개발 기 개방된 공공데이터를 활용한 제품 서비스 또는 공공데이터를 활용하지 않은 기존의 제품 서비스 에 공공데이터를 융 복합하여 개선 개발한 제품 서비스 제품 및 서비스 개발 부문은 신청접수 마감일까지 시연이 가능한 제품 및 서비스만 신청가능 기 개방된 데이터 외에 개방이 필요한 데이터 포함 전국 모든 공공데이터 활용 가능 제출건수 신청 및 결과물 제출 제한 없음 다수의 작품 응모 가능 단 참가신청서 1부당 1개의 결과물 제출 필수 참가자격 대한민국 국민 누구나 개인 또는 팀 개인 팀원 모두 국적이 대한민국이어야 하며 팀장 포함 5인 이내로 구성하여야 함 제품 및 서비스 개발 부문은 접수 마감일까지 시연이 가능한 상태여야 함 신청기간 2024 4 8 월 5 31 금 18 00까지 시상규모 최대 12개팀 28 000천원부 문포상종류시상수시상금 천원 훈 격금 액합 계아이디어 기획부문최우수상16 0006 000인천광역시장상우수상13 0003 000인하대학교총장상장려상12 0002 000인천도시공사 사장상특별상 3 1 000 공항 관광 환경 데이터 3 000인천국제공항공사 사장상인천관광공사 사장상인천환경공단 이사장상소 계 3 3 14 000 제품 및 서비스 개발 부문최우수상16 0006 000인천광역시장상우수상13 0003 000인천대학교총장상장려상12 0002 000인천항만공사 사장상특별상 3 1 000 공항 관광 환경 데이터 3 000인천국제공항공사 사장상인천관광공사 사장상인천환경공단 이사장상소 계 3 3 14 000 2개 부문합 계6 6 28 000 문의 인천광역시 데이터산업과 032 440 4945
https://www.wevity.com/?c=find&s=1&mode=end&gbn=viewok&gp=1&ix=86028,오픈더퓨처 대학생 봉사활동 서포터즈 VM 갓챌 2기 모집,오픈더퓨처 대학생 봉사활동 서포터즈 VM 갓챌 2기 모집오픈더퓨처 OPEN THE FUTURE 와 즐겁고 기억에 남는 대외활동을 함께 할 대학생 VM Volunteer Manager 을 모집합니다 봉사활동 프로젝트 참여 및 다양한 분야의 프로젝트에서 자신의 능력을 발휘해 성과를 내고 싶은 분들께 추천드립니다 모집인원 00명 모집대상 활동기간 내 다양한 활동 경험을 원하시는 분 프로젝트 기획 진행 및 마케팅 직무에 관심이 있는 분 성남시 분당구에서 매주 금요일 13시 16시 주1회 정기활동 필수참여가능하신 분 현재 수도권 서울 경기 인근 거주 대학생 재학 휴학 졸업 무관 출신 지역 무관 활동기간 및 장소 활동 기간 2024 5 3 금 2023 7 26 금 매주 13 00 16 00 불가피한 사정으로 참여하지 못하는 날은 사전 협의 필수 당일 통보 X 활동 장소 경기도 성남시 분당구 수내동 79 1 활동내용 부제 똑똑한 MZ 볼매들의 갓생챌린지 도장깨기 챌린지 1 SNS 기자단 네이버인플루언서 우대 초보도 가능 본격적인 활동에 앞서 지피지기는 백전백승 앞으로 우리의 역할과 업무를 정리하고 이를 바탕으로 콘텐츠 회의 후 간단한 글쓰기 및 카드뉴스 정기 업로드 챌린지 2 프로젝트 진행 보조 실제로 진행되는 다양한 프로젝트들과 각종 행사에 직접 참여하고 함께함으로써 잊을 수 없는 경험과 보람까지 느낄 수 있는 절호의 찬스 줍깅 원데이클래스 멘토링봉사 등 다양한 사회공헌활동을 통해 새로운 환경 새로운 사람들과 함께 해보세요 챌린지 3 우리만의 갓챌리 Re list 완성하기 그동안의 활동들을 회상하며 정리해보는 시간으로 팀원들과 함께 한 시간들을 SNS 게시글 30초 1분 영상 쇼츠 릴스 등 다양한 온라인 콘텐츠로 제작하여 갓챌 1기의 성장과정을 담은 추억 회상 미션 갓생 챌린지 리스트 a k a 갓챌리 를 완성하세요 대외활동 혜택 전체 활동 수료 시 제공 중도 이탈 시 무효 활동시간에 비례하는 봉사활동 시간 인정 중도 이탈 시 무효 봉사활동 수료증 발급 능동적 주체적인 프로젝트 기획 및 운영 경험 제공 모집일정 서류 접수 기간 4 10 수 4 24 수 20 00 서류 합격자 발표 4 25 목 면접 일시 4 26 금 14 00 16 00 _ 성남시 분당구 수내동 소요시간 15분 최종 합격자 발표 4 29 월 OT 진행 5 3 금 지원방법1 openthefuture kr 접속 후 커뮤니티 VM 장학생 모집 클릭2 오픈더퓨처 대학생 봉사활동 서포터즈 VM 갓챌 2기 모집 4 24 해당 게시물 접속 후 지원서 첨부파일 다운로드3 지원서 작성 후 5penthefuture naver com로 이메일 제출 파일명과 이메일 제목은 지원서_성명 으로 통일해주세요 반드시 사진 첨부 형식 제한 없음 문의 문의 가능 시간 평일 13시 17시 이메일 5penthefuture naver com
https://www.wevity.com/?c=find&s=1&mode=end&gbn=viewok&gp=1&ix=86031,세이브더칠드런 2024 대구 국제어린이마라톤 자원봉사자 모집,세이브더칠드런 2024 대구 국제어린이마라톤 자원봉사자 모집안녕하세요 세이브더칠드런 동부지역본부입니다 대구 지역 내 아동 및 시민 1 500명을 대상으로 아동의 건강과 미래 더 나아가 아프리카 마을의 자립을 위한 국제어린이마라톤 행사를 진행하고자 합니다 이에 자원봉사자를 모집하오니 많은 관심과 신청 부탁 드립니다 활동일시 5월 4일 토 07 30 14 00 봉사시간 6시간 30분 인정 및 식사 제공 집결장소 두류공원 코오롱 야외음악당 모집대상 20세 이상의 성인 300명 대외활동 내용 행사 업무 보조 부스 운영 코스 안내 등 행사 스탭 업무 전반 신청방법 포스터 내 QR 또는 해당 링크 통한 구글폼 제출 https forms gle VQY9PTw7H9GByiSBA 문의사항 070 7443 1614 duna kwon sc or kr
https://www.wevity.com/?c=find&s=1&mode=end&gbn=viewok&gp=1&ix=86032,2024년도 한국안데르센상 작품공모전,2024년도 한국안데르센상 작품공모전2024년도 한국안데르센상 작품공모전을 개최합니다 출품을 희망하시는 분들의 많은 관심과 참여를 바랍니다 공모부문 아동문학 창작동화 창작동시 출판미술부문은 공모사항 재정비와 개선을 위해 작품접수를 보류합니다 접수마감 2024년 5월 10일 금 17시 접수방법 한국안데르센상 홈페이지에서 출품신청 시상내용 공모요강 참조 수상작발표 7월 중 발표 예정 심사일정에 따라 변경될 수 있음 수상자 개별 연락 및 홈페이지 발표 접수된 모든 작품은 반환하지 않습니다 홈페이지의 공모요강을 반드시 확인하신 후 출품하시기 바랍니다 출품신청은 개인별 1회만 가능합니다 접수가 완료된 이후 재출품하시려면 기존에 출품된 내역을 전부 삭제하는 과정을 거쳐야 하니 여러 부문에 출품하시려면 출품신청시 해당 부문을 전부 체크 선택 하여 출품하시기 바랍니다 메뉴 한국안데르센상 자주하는 질문 에 가셔서 공지된 내용 확인하신 후 출품하시기 바랍니다 전년도 수상작품은 참고용으로 보실 수 있습니다
https://www.wevity.com/?c=find&s=1&mode=end&gbn=viewok&gp=1&ix=86033,2024 박물관 미술관 주간 뮤포터즈 모집,2024 박물관 미술관 주간 뮤포터즈 모집
https://www.wevity.com/?c=find&s=1&mode=end&gbn=viewok&gp=1&ix=86034,제53회 부산어린이글잔치 원고 모집,제53회 부산어린이글잔치 원고 모집부산아동문학인협회가 주관하는 제53회 부산어린이 글잔치를 다음과 같이 개최합니다 관심 있는 어린이들의 응모를 기다립니다 행사명 제53회 부산어린이글잔치 대 상 부산 시내 초등학교 재학생 누구나 부 문 운문부 1인 3편 이내 원고 매수 제한 없음 산문부 1인 3편 이내 작품 당 원고지 5 10매 내외 산문은 생활글 대상 소설 논설문 설명문 등 제외 주 제 자유 제한 없음 접수 기간 2024 4 11 4 30 온라인 접수 원고 접수 https naver me GMWuRW8t 공모전 시상내역 금상 교육감상 운문부 1명 산문부 1명 우수학교상 1명 금상 30점 은상 10점 동상 5점으로 종합점수로 선정함 은상 협회장상 운문부 10명 산문부 10명 동상 협회장상 운문부 40명 산문부 40명 비고 운문부 산문부 학년 구분 없이 균등하게 시상함 상장 및 부상 수여
https://www.wevity.com/?c=find&s=1&mode=end&gbn=viewok&gp=1&ix=86035,2024년 양주 시민 혁신 리빙랩 프로젝트 과제 공모전,2024년 양주 시민 혁신 리빙랩 프로젝트 과제 공모전 공모주제 일상생활에서 접할 수 있는 우리 삶 속의 불편한 사회문제 예시 탄소중립 청년 도시재생 1인 가구 등 공모기간 2024 3 18 월 2024 4 19 금 응모자격 양주시에 거주하거나 생활권 직장 학교 등 을 영유하고 있고 양주 사회문제 해결을 원하는 시민 누구나 공모분야 주민 참여를 통해 사회문제 해결하여 사회적 가치를 실현하는 아이디어 시상 상장 및 부상금 지급 부상금 지급 기준 양주시 제안제도 운영 조례 제18조
https://www.wevity.com/?c=find&s=1&mode=end&gbn=viewok&gp=1&ix=86036,창원시 자원봉사 순간포착 콘테스트 렌즈 ON,창원시 자원봉사 순간포착 콘테스트 렌즈 ON 내 생애 최고 자원봉사 활동 접수기간 2024 10 1 10 25 응모자격 1365에 가입된 창원시 거주 청소년 누구나 9세 24세 단 개인 자격으로만 응모 가능 공모주제 내 생애최고 자원봉사 활동 사진 2024년 창원시 관내 봉사활동 사진에 한함 비고 봉사활동 전경 및 응모자 얼굴이 잘 드러나도록 촬영 작품규격 색 상 컬러 및 흑백 해 상 도 3 000픽셀 이상 용 량 3MB 이상 비 율 4 3 파일형식 JPG JPEG 메타정보 필수 촬영일자 2024년 1월 1일 이후 촬영 비고 메타정보 사진 파일 기본 정보 모든 규격요건 필수 합성사진 심사 제외 결과발표 2024년 11월 시상내역 최우수 1 10만원 우 수 2 5만원 장 려 10 1만원 문의 055 225 3833
https://www.wevity.com/?c=find&s=1&mode=end&gbn=viewok&gp=1&ix=86037,제19회 겸재전국사생대회,제19회 겸재전국사생대회 주 제 궁산 일대 풍광 그리기 참가 대상 전국 유 초 중 고등학생 및 동 연령대 청소년 참가 접수 2024년 4월 16일 화 5월 10일 금 접수방법 홈페이지 온라인 접수 전화 메일 방문 접수 등 상장 및 부상 대상 강서구청장상 금상 은상 강서문화원장상 동상 장려상 강서미술협회장상 등 부문별 수여
https://www.wevity.com/?c=find&s=1&mode=end&gbn=viewok&gp=1&ix=86038,2024 한국실내디자인학회 주제공모전,2024 한국실내디자인학회 주제공모전 주제 미래를 대비하는 공간디자인 출품자격 대학생 및 대학원생 휴학생 포함 개인 또는 팀 3명 이내 으로 참가신청 공모부문 주제 내용이 포함된 공간디자인 및 관련분야 창작품 공공디자인 전시부스도 포함함 공모일정1 공모전 접수기간 2024월 11월 5일 화 14 00까지2 예 선 작품심사 2024년 11월 6일 수 3 1차 합격 작품발표 2024년 11월 6일 수 17 00 학회 홈페이지 공지사항 게시판 발표4 2차 본선작 접수 2024년 11월 13일 수 14 00까지5 Open Critic 및 시상식 2024년 11월 15일 금 국립중앙박물관 작품제출 공모전 신청확인 페이지에서 작품 업로드 1차 제출물 1 작품 작품패널 A1 Size 594x841 mm 세로형 해상도 300dpi이상 jpg파일 패널은 출품자가 제출한 데이터로 학회에서 일괄적으로 출력 출력물의 전면에는 소속 출품자의 인식이 되는 표시를 할 수 없음 2 출품신청서 홈페이지에서 출품신청서를 다운받아 작성 후 제출 3 출품자 사진 20 25 해상도 200dpi jpg파일 2차 제출물 1 대상 1차 심사 통과 작품 2 제출물 8분 분량 발표용 PPT 알집 업로드 3 제출방법 공모전 신청 확인 페이지에서 작품 업로드 참가비 60 000원 신용카드 결제 홈페이지를 통한 카드 결제 무통장입금 참가신청 대표자명으로 송금 국민은행 829 25 0013 811 예금주 사 한국실내디자인학회 참가신청 제출완료 후 제출목록 에서 참가비를 결제하셔야 참가신청이 완료 됩니다 참가비는 환불이 불가능하오니 참고해주시기 바랍니다 심사방법 1차심사 통과 작품에 대한 2차심사 오픈크리틱 후 수상작 선정 및 시상식 진행 심사위원 김정곤 주 비트윈스페이스 공동 대표 책임 디자이너 한승재 푸하하하 프랜즈 공동 대표 소장 외 1인 시 상 대상 1점 상장 및 상금 500만원 금상 1점 상장 및 상금 200만원 은상 2점 상장 및 상금 100만원 동상 6점 상장 및 상금 20만원 우수상 10점 상장 장려상 10점 상장 특선 00점 상장 입선 00점 상장 유의사항 응모작은 타 공모전에 중복 출품 불가합니다 수상 이후라도 응모작의 표절 모방 저작권 침해 판명 시 수상이 취소되며 상금과 시상물을 회수합니다 작품패널 내용은 영문이 아닌 한글로 내용을 기술하시기 바랍니다 주최 주관 및 후원 주최 주관 사 한국실내디자인학회 후 원 주 시공테크 문 의 사 한국실내디자인학회 사무국 02 564 2598 kiid kiid or kr
https://www.wevity.com/?c=find&s=1&mode=end&gbn=viewok&gp=1&ix=86039,제1기 ISTANS 대학 원 생 서포터즈 모집,제1기 ISTANS 대학 원 생 서포터즈 모집안녕하세요 국내 유일의 산업통계분석시스템인 저희 ISTANS는 올해 20주년을 맞이하여산업통계 콘텐츠와 시스템을 개선하고 이용 확산을 도모하고자 제1기 ISTANS 대학 원 생 서포터즈를 아래와 같이 모집하고자 합니다 ISTANS 서포터즈 모집 주요일정 접수 2024년 4월 10일 수 4월 24일 수 심사결과 통보 2024년 4월 26일 금 예정 위촉식 2024년 4월 말 예정 활동기간 및 내용 활동기간 2024년 5월 10월 6개월 활동 내용 1 ISTANS SNS 운영 2 ISTANS 홍보활동 3 ISTANS 산업통계 콘텐츠 기획 정기 회의 및 콘텐츠 제작 지원자격 산업통계분석시스템 ISTANS에 관심 있는 대학 원 생 재학생 및 휴학생 SNS 운영 등 서포터즈 활동을 적극적으로 할 수 있는 대학 원 생 대외활동 혜택 소정의 월간 활동비 지급 ISTANS 서포터즈 웰컴키트 제공 우수 서포터즈 시상 및 상금 수여 서포터즈 수료증 제공 통계 실무자와의 간담회 지원방법1 ISTANS 홈페이지 접속2 서비스알림 이벤트 ISTANS 서포터즈 클릭 후 자기소개서 양식 다운로드3 작성한 자기소개서를 하단 신청서에 업로드 후 개인정보를 입력하여 제출 현재 ISTANS 리뉴얼 사이트가 오픈 진행 중이며 다음주에 오픈될 예정입니다 따라서 이번주 내에 제출할 예정이신 분들은 현 페이지에서 양식 다운로드 후 담당자 이메일로 직접 제출하시면 됩니다 담당자 산업연구원 동향통계분석본부 천가현 연구원 전화 044 287 3277 이메일 gh cheon kiet re kr
https://www.wevity.com/?c=find&s=1&mode=end&gbn=viewok&gp=1&ix=86041,2024 예천군 일자리 발굴 아이디어 공모전,2024 예천군 일자리 발굴 아이디어 공모전 접수기간 2024 4 1 월 4 30 화 1개월 응모자격 예천군 일자리 창출에 관심 있는 사람 누구나 시상내역 예천사랑상품권 지급 대상 1건 100만원 최우수상 2건 50만원 우수상 3건 30만원 장려상 5건 10만원 노력상 12건 5만원 공모분야 일자리 창출 및 고용 촉진 등 지원사업 직접일자리 사업 직업능력훈련개발 고용장려금 창업지원 취업역량 강화 등 지역주민이 참여 가능한 협력형 민간 일자리 실버세대 경력단절여성 다문화가정 예비 창업가를 위한 혁신적이고 지속가능한 일자리 정보통신기술 ICT 사물인터넷 IOT 등 4차 산업 관련 일자리 지역자원을 활용한 특화형 일자리 사업 기타 일자리 창출 관련 자유 제안 문의처 예천군 지역경제과 일자리팀 054 650 6827
https://www.wevity.com/?c=find&s=1&mode=end&gbn=viewok&gp=1&ix=86042,제4회 대한민국 서예 캘리아트대전,제4회 대한민국 서예 캘리아트대전
https://www.wevity.com/?c=find&s=1&mode=end&gbn=viewok&gp=1&ix=86043,제3회 정지용 캘리그라피 대전,제3회 정지용 캘리그라피 대전
https://www.wevity.com/?c=find&s=1&mode=end&gbn=viewok&gp=1&ix=86044,2024 부산국제마케팅광고제 MAD STARS 2024 출품 안내,2024 부산국제마케팅광고제 MAD STARS 2024 출품 안내 행사 개요 행사명칭 2024 부산국제마케팅광고제 MAD STARS 2024 행사기간 2024 8 20 화 8 23 금 행사장소 부산 벡스코 컨벤션홀 진행 일정 출품기간 2024 2 5 월 2024 6 15 토 일반인 부문의 출품료는 무료 예선 심사기간 2024 7 1 월 7 15 월 온라인 파이널리스트 발표 2024 7 19 금 홈페이지 및 개별 공지 본선 심사기간 2024 7 24 수 8 7 수 온라인 수상작 발표 2024 8 23 금 홈페이지 및 MAD STARS 시상식에서 발표 상기 일정은 변동 가능성이 있음 출품 자격 전문가 부문 현재 마케팅 및 커뮤니케이션 관련 종사자 2023년 5월 1일부터 2024년 6월 15일까지 실제 집행된 캠페인 일반인 부문 현재 마케팅 및 커뮤니케이션 관련 미종사자 학생 실제 집행되지 않은 캠페인 및 아이디어 팀으로 출품 가능하며 인원 수의 제한 없음 출품 규격 출품 카테고리별로 요구되는 규격이 상이하니 반드시 홈페이지 및 출품 자료를 확인 바랍니다 Video 최대 3분 이내 편집 MOV 혹은 MP4 최대 350MB Image 각 이미지의 가장 긴 면 최소 2400픽셀 최대 4800픽셀 JPG 최대 3MB Radio 최대 3분 이내여야 하며 반드시 영문 스크립트를 Support File로 함께 제출해야 합니다 MP3 최대 3MB URL 입력한 URL은 로그인을 하지 않지 않고 바로 접속이 가능해야 합니다 또한 심사를 위하여 2024 8 21 수 활성화되어 있어야 합니다 공모전 시상부문 금상 Gold 은상 Silver 동상 Bronze 크리스탈 Crystal 파이널리스트 Finalist 시상내역은 심사 결과에 따라 변경될 수 있음 수상자 혜택 동상 이상 수상자 대상 국내 유명 광고회사 인턴십 기회 제공 문의사항 MAD STARS 홈페이지 AWARD FAQ 담당자 Tel 051 623 5539 E mail info madstars org
https://www.wevity.com/?c=find&s=1&mode=end&gbn=viewok&gp=1&ix=86045,제3회 경기도 인권 작품공모전,제3회 경기도 인권 작품공모전 접수기간 24 3 15 금 24 5 13 월 24 00까지 응모자격 인권에 관심 있는 누구나 지역 연령 불문 단체 접수 불가 공모분야 3개 분야 ①만화 웹툰 ②포스터 ③운문 시 응모자 1인이 2개 분야 이내의 작품에 응모할 수 있으나 모든 분야 합산 2개 작품까지만 접수 가능 동일인의 작품은 중복시상하지 않으며 상장 및 상금 중 고득점 및 고액에 해당하는 하나의 작품 으로만 선발 시상 공모주제 인권 친화적 공동체 문화조성 및 확산 관련 자유 주제 인권침해 및 차별행위 예방 구제 관련 등 각 분야별 세부 주제에 적합한 작품 인권침해 인간으로서의 존엄과 가치 및 자유와 권리를 침해하는 행위 차별행위 특정한 사람을 우대 배제 구별하거나 불리하게 대우하는 행위 및 성희롱 행위 시상내용 경기도지사 상장 및 시상금 총 12개 작품 1 000만원 공모 분야합 계대 상최 우 수 상우 수 상인원시상금인원시상금인원시상금인원시상금합계121 000336032706370① 만화 웹툰 4 4501150 150만원 x 1명 1120 120만원 x 1명 2180 90만원 x 2명 ②포스터4 3301120 150만원 x 1명 1 90 90만원 x 1명 2120 60만원 x 2명 ③운문 시 4 2201 90 90만원 x 1명 1 60 60만원 x 1명 270 35만원 x 2명 문의 연락처 031 8008 3264 E mail gghrd190701 gg go kr
https://www.wevity.com/?c=find&s=1&mode=end&gbn=viewok&gp=1&ix=86046,해치마당 미디어월 콘텐츠 시민 아이디어 공모전,2024 해치마당 미디어월 전시 콘텐츠 시민 아이디어 공모전 공모 개요 공모 주제 광화문 광장의 여름 해치와 소울프렌즈 제시된 주제 중 택1 전 시 명 2024 해치마당 미디어월 2회 전시 발전 전시장소 광화문광장 해치마당 미디어월 서울특별시 종로구 세종대로 172 제작 방법 작품 20점 선정 작품화 워크샵 각 선정자들의 작품을 1분 영상으로 총 20점 제작 해치마당 미디어월 2회 전시 24 07 01 09 30 에 상영 공모 내용 사진 일러스트 회화 스케치 등 평면 이미지와 스토리보드 지원 자격 대한민국 국민 제한없음 모집 기간 및 일정 작품 접수 2024년 4월 11일 월 2024년 5월 6일 금 선정후보작 발표 2024년 5월 14일 화 선정후보작 공개검증 및 아이디어 작품화 2024년 5월 14일 화 2024년 6월 2일 일 작품 전시 2024년 7월 1일 월 2024년 9월 30일 월 지원 방법 이메일 접수 hechi field gmail com 내손안에 서울 공모전 메뉴 참고 제출서류 참가신청서 작품설명서 영상제작을 위한 예상 시나리오를 10컷으로 작성하여 이미지 포함하여 스케치 제출분 정도의 러닝 타임이 나올 정도의 시나리오 작성 필수 개인정보 이용 및 수집제공 및 저작권 활용 동의서 작품 파일 확장자AI PSD PDF PNG 시상 내역 총 1 000만원 선정인원 20명 팀 지원사항 1인 팀 당 50만원 접수상황 및 심사결과 등에 따라 선정인원은 조정될 수 있음 심사 기준 공공성 30 독창성 30 예술성 40 공공성 전시 적합성 독창성 예술성 종합 평가 후 최다 득점자 순 유의사항 응모작품은 순수 창작 작품이어야 하며 선정 후보작 발표 이후 10일 이상 부정행위 검증 절차를 진행할 예정임 모작 위작 등의 논란 발생 시 최종 수상작에서 제외됨 기존작품의 출품은 가능하나 타 공모전 수상작이나 유사작품은 심사대상에서 제외되며 당선 이후라도 발견 시 선정이 취소됨 작품은 영상창 크기 가로세로 최소750mm 최대3 250mm 및 공공장소에 전시되는 점을 감안하여 전시표출에 적합한 내용으로 제작되어야 함 제출한 작품의 저작권은 창작자에게 귀속됨 저작권이나 초상권에 대한 모든 책임은 출품자 창작자 에게 있으며 선정된 이후라도 이와 같은 사실이 밝혀질 경우 해당 작품의 제작 지원 비가 환수됨 선정 후 약정은 정해진 기간 내 약정기간 로 하되 공익적 목적의 전시 홍보를 위한 영상 및 이미지 사용을 승인함 선정자는 콘텐츠 제작 및 전시 등에 적극 협조하여야 함 문의 사항 이메일 hechi field gmail com
https://www.wevity.com/?c=find&s=1&mode=end&gbn=viewok&gp=1&ix=86047,다큐멘터리 City Montage 프로젝트 리서치팀 모집,다큐멘터리 City Montage 프로젝트 리서치팀 모집 공모 주제 다큐멘터리 City Montage 프로젝트 리서치팀 모집 공모 내용전국학생건축포럼 생각지대의 2024년도 중심사업 다큐멘터리 City Montage 프로젝트에서 청년세대 문제에 대한 도시 내 공간 리서치를 수행할 열정적인 팀원을 모집합니다 다양한 전공의 대학생들과 함께 도시 지리 사회 심리 통계학 등 모든 범학문적 방법론을 동원하여 청년세대의 공간과 사회문제에 대해 다학제적으로 분석하고 여러 현상의 원인을 규명하는 실험적인 프로젝트입니다 지원 자격 건축 관련 전공 및 사회 경제 정치 문화 지리 등 프로젝트와 연계될 수 있는 모든 전공의 대학생 대학원생 졸업생 전공 무관 모집 기간 1차 모집 24 04 04 목 24 04 18 목 23시 59분 1차 합격자 발표 24 04 19 금 21시 2차 면접 비대면 24 04 20 토 최종 합격자 발표 24 04 21 화 21시 리서치팀 OT 24 04 27 토 13시 시간 변동 가능 지원 방법 모집 내용 및 지원서 다운 링크 https saenggakjidae notion site City Montage d6c5e48f656a4e379b26e2d770945acd 상단 링크에 첨부된 모집요강 및 지원서 다운 양식에 맞게 내용 기재 후 공식 이메일 saenggakjidae gmail com 으로 2024 4 18 목 23시 59분까지 리서치팀 지원서 pdf 1부 재 휴학증명서 및 졸업증명서 pdf 1부 제출 대외활동 내용도시 지리 사회 심리 통계학 등 모든 범학문적 방법론을 동원하여 현재 청년세대들이 경험하고 있는 건조환경에 대해 분석합니다 청년들이 도시에서 직면한 정치 사회 문화적 현상들에 대해 가지고 있는 인식과 그 원인을 분석할 예정입니다 프로젝트 초반부를 주도하며 인터뷰 자료 수집 데이터 시각화 등 리서치에 관한 전반적인 업무를 수행하여 향후 파빌리온 출판팀으로 확장해나갈 공통의 관념체계를 확립합니다 3 4명 단위로 건축 관련 전공자와 타 전공자들이 함께 팀을 이루어 다학제적 연구를 진행할 예정입니다 문의 사항 기타 문의 인스타그램 DM 혹은
https://www.wevity.com/?c=find&s=1&mode=end&gbn=viewok&gp=1&ix=86049,제3회 경기도민 인권 대상,제3회 경기도민 인권 대상 추천기간 24 3 15 금 24 5 13 월 24 00 까지 추천대상 경기도 인권신장을 위해 각 분야에서 헌신한 공로가 있는 사람 추천분야 6개분야 인권일반 장애인 노인 여성 아동 청소년 이주민 외국인 추천권자 개인 또는 단체 도 시 군 및 소속기관 공직유관단체의 장 본인 추천 불가 시 군 추천의 경우 시 군 자체 공적 심사위원회 의결 필 시상내용 경기도지사 표창장 및 상패 수여 총 6명 개인 민간인 분야별 대상 각 1명 선발 표창장과 별도 제작한 상패 트로피 수여① 인권일반 1명② 장애인 1명③ 노인 1명④ 여성 1명⑤ 아동 청소년 1명⑥ 이주민 외국인 1명 문의 031 8008 3264 E mail gghrd190701 gg go kr
https://www.wevity.com/?c=find&s=1&mode=end&gbn=viewok&gp=1&ix=86050,제20회 넷마블게임콘서트,제20회 넷마블게임콘서트 지원 자격 제한없음 모집 기간 2024 04 11 00 00 04 21 23 59 지원 방법 사전신청 링크 접속 https forms gle ivcychxNhTnVZUsy9 대외활동 내용 넷마블문화재단은 건강한 게임문화 조성 확산에 기여하고 게임산업에 관심있는 분들과 지식을 공유하고 소통하는 시간을 갖고자 2024 넷마블게임콘서트 를 개최합니다 올해 게임콘서트의 주제는 바로 게임과 연결 입니다 오는 4월 27일 오후 3시 넷마블 G Tower 3F ㅋㅋ다방에서개최되는 제20회 넷마블게임콘서트 는 1부 게리킴게임즈 김건희 작가님의 김과장에서 김작가로 게임으로 전직하다 2부 스파이럴캣츠 오고은 팀장님의 게임 캐릭터 현실에 소환되다 강연이 예정되어 있습니다 활동 혜택 기념품 지급 문의 사항 02 716 3316
https://www.wevity.com/?c=find&s=1&mode=end&gbn=viewok&gp=1&ix=86051,제18회 과천 전국 경기소리 경창대회,제18회 과천 전국 경기소리 경창대회따뜻한 봄 과천 전국 경기소리 경창대회가 5월 개최합니다 여러분의 많은 관심과 참가 부탁드리겠습니다 일시 예선 5 4 토 오전 10시 중고등부 일반부 명창부 단심 5 4 토 오전 10시 단체부 초등부 실버부 본선 5 4 토 오전 3시 중고등부 일반부 명창부 시상 5 4 토 오후 6시 원할한 대회 진행을 위해 변동 될 수 있음 장소 경기소리전수관 상상홀 예선 본선 시상 과천문화원 관악홀 단심 참가자격 국적 불문 19세 이상 남녀 및 초 중 고등학생 학생부 타 대회 교육감상 이상 수상자 제외 일반부 타 대회 도지사상 수상자 및 만 24세 이하 제외 명창부 타 대회 국무총리상 수상자 및 만 30세 이하 제외 실버부 만 65세 이상 단체부 성인 3인 이상 타 대회 도지사상 이상 수상팀 제외 참가부문 명창부 일반부 중고등부 초등부 실버부 단체부 참가비 학생부 실버부 일반부 단체부 무료 명창부 5만원 심사위원 권위 있는 부문별 전문가를 심사위원으로 위촉 국민심사 일반인을 대상으로 국민심사단을 공개 모집 단체부 초등부 심사에 참여 심사배점 음정 30점 박자 30점 공력 20점 예술성 가사 20점 100점 만점으로 심사 심사방법 예선은 85점 이상 95점 이하로 채점하여 고득점 순으로 본선 진출자 결정 단심은 85점 이상 95점 이하로 채점하여 고득점 순으로 순위를 결정 본선은 90점 이상 99점 이하로 채점하여 최상점과 최하점을 제외한 점수를 집계하여 순위를 결정 단체부 초등부는 심사위원의 총점과 국민심사단의 총점을 8 2로 반영 동점일 경우 학생부는 고학년 순으로 하고 단체부 대표자 실버부 일반부 명창부는 연장자를 우선으로 결정 스승 및 8촌 이내 심사위원 회피제 를 실시함에 따라 이에 해당하는 자는 나머지 심사위원 점수를 합산한 평균 점수로 채점 직접스승 판단기준 개인적인 지도 스승과 현재 포함 최근 3년 이내 6개월 이상 계속해서 지도 받은 학교 전공교수 강사 공개 경연을 원칙으로 함 모든 경연의 결과는 당일 현장 및 경기소리전수관홈페이지에 게시함 참가곡목 및 경연방법 명창부 예선 경기12잡가 본선 경기12잡가 일반부 예선 경기민요 휘모리잡가 경기선소리 본선 경기민요 휘모리잡가 경기선소리 중고등부 예선 경기12잡가 본선 경기12잡가 초등부 단심 경기민요 실버부 단심 경기민요 휘모리잡가 경기선소리 단체부 단심 경기민요 경연방법 예선 일반부 3분내외 중고등부 명창부 5분내외 본선 일반부 5분내외 중고등부 명창부 완창 단심 초등부 실버부 3분내외 단체부 5분내외 경기민요 남도민요를 제외한 지역별 통속민요를 범주로 함 명창부 일반부 중고등부 예선 본선 다른 곡 선택 단체부 타부문 복수 지원 및 반주음악 사용 가능 신청서 접수 시 제출 경연시 주최측 고수를 원칙으로 하며 고수 대동시 주최측에 사전 통보해야 함 접수기간 접수기간 2023 4 8 월 5 2 목 15시까지 우편 및 방문접수 경기소리전수관 우 13828 경기도 과천시 문원로 40 2 인터넷접수 경기소리전수관 홈페이지 참가신청서 다운로드 참가신청서 메일발송 gsih40 2 naver com 제 출 서 류 참가신청서 사진부착 신분증 학생증 사본 또는 등본 통장 사본 본인 명의 반주음악 단체부 단체부는 대표자 기준으로 작성 및 서류제출 단 참가자 전원 명단 기재 우편 방문 인터넷 접수는 마감일 15시 도착분에 한함 문 의 Tel 02 507 5825 Fax 02 507 5824 공모전 시상내용 명창부 종합대상 국무총리상 5 000 000 대 상 문화체육관광부 장관상 3 000 000 금 상 경기도지사상 1 000 000 은 상 과천시장상 700 000 동 상 사 한국국악협회장상 500 000 장 려 사 한국경기소리보존회장상 300 000 2인 일반부 대 상 경기도지사상 1 000 000 금 상 과천시장상 700 000 은 상 사 한국국악협회장상 500 000 동 상 사 한국경기소리보존회장상 300 000 장 려 과천문화원장상 100 000 2인 중고등부 금 상 경기도교육감상 700 000 은 상 과천시의장상 500 000 동 상 사 한국국악협회장상 300 000 장 려 사 한국경기소리보존회장상 100 000 2인 초등부 금 상 경기도교육감상 500 000 은 상 과천시의장상 300 000 동 상 사 한국경기소리보존회장상 200 000 장 려 과천문화원장상 100 000 2인 실버부 금 상 과천시장상 700 000 은 상 과천시의장상 500 000 동 상 사 한국경기소리보존회장상 300 000 2인 장 려 과천문화원장상 200 000 2인 단체부 금 상 경기도지사상 1 000 000 1팀 은 상 과천시장상 700 000 1팀 동 상 과천시의장상 500 000 1팀 장 려 사 한국경기소리보존회장상 200 000 2팀 시상내역은 대회사정에 따라 변경될 수 있음 주최 주관 사단법인 한국경기소리보존회 후 원 문화체육관광부 과천시 과천시의회 사 한국국악협회 과천문화원 국악신문사 문 의 02 507 5825 경기소리전수관
https://www.wevity.com/?c=find&s=1&mode=end&gbn=viewok&gp=1&ix=86052,2024 춘천마임축제 자원활동가 깨비 모집,2024 춘천마임축제 자원활동가 깨비 모집 내용5월 한 달간 다양한 사람들을 만나며 축제 준비를 같이하고 8일간의 축제에서 이뤄지는 다양한 업무를 팀별로 경험해 보게 됩니다 스태프 아티스트 깨비들과 특별한 추억을 쌓을 수 있습니다 지원 자격만 19세 이상 성인중에 축제 준비기간 및 축제 진행기간 참여가 가능하며 특별한 추억을 쌓고 싶은 누구나 참여가 가능합니다 모집 기간 2024 04 01 2024 04 21 지원 방법 접수 홈페이지 https docs google com forms d e 1FAIpQLSdVE8nGsLoWdxX95vPNlAqPL7CfUIKioiqXhPizvUlR24hYaA formResponse 활동 내용 축제 사전교육 진행 오프라인 홍보 축제 물품 제작 및 사전 준비 마임 깨비 건배 댄스 배우기 축제 실무 업무 진행 대외활동 혜택1 다양한 사람들과의 특별한 추억과 인연2 깨비 활동 물품 축제 티셔츠 축제 패스 등 지급3 봉사활동 시간 지급 1365 자원봉사포털 등록 4 축제 기간 내 수업 할애 공문 발송 및 식사 제공5 2024년 축제 초대권 지급6 깨비 수료증 발급 및 우수 활동자 표창7 깨비 수료자 불의도시 도깨비난장 평생이용권 지급 문의 사항 Tel 사 춘천마임축제 제작운영팀 033 244 6892 E mail cimfop01 mimefestival com
https://www.wevity.com/?c=find&s=1&mode=end&gbn=viewok&gp=1&ix=86053,2024 용산미래교육한마당 꿈을 DREAM 자원봉사자 모집,2024 용산미래교육한마당 꿈을 DREAM 자원봉사자 모집 모집개요 용산구청소년진로직업체험지원센터 2024 용산미래교육한마당 꿈을 DREAM 자원봉사자 모집미래교육한마당은 용산구 관내 초 중 고등학생 청소년들을 대상으로 다양한 분야의 부스 운영을 통해 청소년의 진로 설계에 필요한 탐색의 기회를 제공하는 진로박람회입니다 2024년 용산미래교육한마당이 올해 다시 돌아왔습니다 지금 이걸 보고 있는 여러분 Welcome to the 미래교육한마당날 따라 따라와 미래교육한마당으루진로박람회에서 재미있는 봉사활동 경험을 쌓고 싶은 대학생 여러분 많이 신청해주세요많은 참여 부탁드리며 주위 대학생들에게도 많은 홍보 부탁드리겠습니다 박람회 개요 활동 장소 용산공원 장교숙소 5단지 서울 용산구 서빙고로 221 모집 기간 4 26 금 17 00까지 선정 안내 4 30 화 활동 일시 2024 05 28 화 활동 내용 1 5 24 금 사전 오리엔테이션 및 안전교육 필수참석 일정은 변동 될 수 있습니다 2 5 28 화 박람회 부스 운영지원 참여 청소년 질서유지 및 동선 안내 안내처 접수 등 신청대상 대학 원 생 휴학생 졸업생 총 50명 청소년에 대한 관심이 많으신 분 박람회 혹은 청소년활동 경험이 있으신 분 약속을 잘 지키고 소통이 잘 되는 분 평소 자원봉사에 관심이 많으신 분 모두모두 가능합니다 대외활동 혜택 자원봉사시간 인정 기관 내 프로그램 자원봉사활동 선매칭 접수방법 링크 접속 후 구글폼 작성 포스터 안 QR코드 접속 후 구글폼 작성 봉사시간 참여 가능 시간대 선택 지원 1 9 00 13 30 4시간 30분 2 13 00 17 00 4시간 3 9 00 17 00 8시간 문의 070 7165 1035 화 토 9 30 17 00 신청 확인 후 4 30 화 안내 드릴 예정입니다
https://www.wevity.com/?c=find&s=1&mode=end&gbn=viewok&gp=1&ix=86054,2024년 해남형ESG 착한여행 체험수기 공모전,2024년 해남형ESG 착한여행 체험수기 공모전 대상 해남군민 추진기간 2024 3 1 금 5 31 금 18 00 마감 추진 내용 내가 그린 Green 지속가능한 여행 친환경 대중 교통수단 이용하기 밀폐용기 등 다회용품 챙기기 플로깅 현지 특산물로 만든 음식 먹기 로컬푸드 등 기념품 구입하기 제로 친환경 관광지 방문하기 해남형ESG 실천 홍보 캠페인 참여 등 자유롭게 추진 선정규모 총 20명 군민10 공무원10 해남사랑상품권 지급 최우수 군민 1명 100만원 공무원 1명 100만원 우수 군민 3명 각 30만원 공무원 3명 각 30만원 장려 군민 6명 각 10만원 공무원 6명 각 10만원 문 의 처 해남군청 기획실 기획팀 061 530 5922
https://www.wevity.com/?c=find&s=1&mode=end&gbn=viewok&gp=1&ix=86055,제16회 신한음악상 The 16th Shinhan Music Awards,제16회 신한음악상 The 16th Shinhan Music Awards 참가대상 2006년 3월 1일 이후 출생자로 중학교 졸업 이상의 학력 소지자 단 고등학교 재학생은 연령에 관계없이 지원가능 대한민국 국적소지자로 해외 정규 음악교육 경험이 없는 자 참가부문 바이올린 첼로 피아노 성악 4개 부문 일정 접수 2024년 4월 1일 월 10 00 5월 7일 화 17 00 예선 2024년 5월 19일 일 26일 일 신한아트홀 본선 2024년 6월 8일 토 9일 일 신한아트홀 일정 및 장소는 추후 변경 될 수 있음 접수방법 구글폼 지원서를 통한 온라인 접수 신한은행 사회공헌홈페이지 아름다운은행 공지사항 확인 또는 포스터 상단 QR코드 인식 참가비 없음 시상 신한음악상 부문별 1명 장려상 부문별 1명 단 심사결과에 따라 해당부문 적격자가 없을 경우 수상자를 선발하지 않을 수 있음 장학금 신한음악상 1 600만원 4년간 균등분할지급 장려상 400만원 일시지급 특전 Young Artist Challenge 해외 유명 음악학교 마스터클래스 2025년 세종체임버홀 S Classic Week 수상자 연주회 참여 신한아트홀 독주회 및 연주 녹화 기회 제공 발달장애 연주자와의 협연기회 문의 신한음악상 운영사무국 02 6354 7223
https://www.wevity.com/?c=find&s=1&mode=end&gbn=viewok&gp=1&ix=86056,항공정책 아이디어 모집,항공정책 아이디어 모집 신청기간 2024 04 26 금 모집배경 제 4차 항공정책기본계획 에 반영할 정책 방향 마련을 위한 수요자 중심의 다양한 아이디어 공모 항공사업법 제3조제2항 모집내용 항공산업 공항산업 항공안전 보안 교통 친환경 신모빌리티 기타 항공 관련 참가대상 항공분야에 관심이 많은 국민 제안방법포스터의 QR코드를 찍거나 이미지를 클릭해 네이버폼으로 제안하세요 온라인 제출만 유효합니다 시상내역 최우수 1명 400 000원 우수 2명 200 000원 장려 3명 100 000원 특별 추첨 30명 기프트콘 1만원 상당 문의 한국교통연구원 항공우주교통연구본부 메일 hyshin koti re kr 전화 044 211 3295
https://www.wevity.com/?c=find&s=1&mode=end&gbn=viewok&gp=1&ix=86057,크루즈 디에즈 RGB 세기의 컬러들 전시 서포터즈 모집,크루즈 디에즈 RGB 세기의 컬러들 전시 서포터즈 모집 모집 기간 2024 04 12 금 204 05 12 일 지원자격 개인 SNS 운영 중 이신 분 성실하게 미션을 수행하실 분 전시를 좋아하는 누구나 접수방법 사야컴퍼니 인스타그램 계정 팔로우하기 사야컴퍼니 카카오톡 채널 사야컴퍼니 추가하기 서포터즈 모집 소식 SNS에 홍보하기 리그램 링크 공유 등 스토리 공유는 인정되지 않습니다 구글 폼 양식 신청서 작성 후 제출 https forms gle Hv47ykWT6fQwgwxt9 대외활동 내용 전시 관람 후 내용 작성 전시 내용 홍보 필수 미션 4개 예정 수행 완료 혜택내역 미션 수행을 위한 무료 초대 동반 1인 포함 우수 서포터즈 선발 및 소정의 선물 증정 활동 종료 후 서포터즈 수료증 발급
https://www.wevity.com/?c=find&s=1&mode=end&gbn=viewok&gp=1&ix=86058,이랜드그룹 제 1회 국제 상업 주얼리 디자인 공모전 채용연계,이랜드그룹 제 1회 국제 상업 주얼리 디자인 공모전 채용연계 공모 주제 로이드 LLOYD 의 시그니처 주얼리가 될 수 있는 주얼리 3세트를 디자인해 주세요 세트 목걸이 귀걸이 반지 팔찌 상업적으로 가장 많이 팔릴 수 있는 디자인으로 제안 타겟 나이 제한 없음 필수내용아래 5가지 모티브 중 3가지를 선택하여 각 1세트씩 총 3세트를 제안해주세요 5대 모티브 원형 하트 십자가 행운 진주 영감 받은 레퍼런스 포함고객 선호 아이템 및 소재 골드 실버 브라스 등 제안고객 선호 반영된 판매가 제안 심사 내용 상업성 독창성 소재의 적절한 사용 종합적 조형미 보편타당성 소비자 기호 충족 심사 기준에 맞지 않아 순위에 해당하는 작품이 없을 경우 선정하지 않을 수 있음 지원 자격 대학교 졸업 예정자 2024년 상반기 대학교 졸업생 이상 초대졸 대촐 모집 기간 2024 04 12 금 2024 05 12 일 지원 방법 https forms gle fSispwYY2wyHLM2d9 구글폼 접수 공모전 시상내역 총상금 1 000만원 1등 500만원 디자이너 특별채용 2등 200만원 디자이너 직무 지원시 서류전형 면제 3등 100만원 디자이너 직무 지원시 서류전형 면제 4등 50만원 디자이너 직무 지원시 서류전형 면제 수상작에 한해 작품 출품시 주최 측인 주 이월드 쥬얼리사업부로 저작권 양도가 간주되며 회사의 상업적 활용이 가능함 상금에 대한 제세공과금은 회사가 부담할 예정 심사 결과 발표 2024 05 20 월 개별문자 안내 이랜드 공식 홈페이지 게시 문의 사항 주 이월드 쥬얼리사업부 공모전 담당자 전화 문의 02 2029 9220 이메일문의 RECRUIT_JEWELRY eland co kr
https://www.wevity.com/?c=find&s=1&mode=end&gbn=viewok&gp=1&ix=86059,2024 국제해양영화제 국내 제작 해양영화 공모,2024 국제해양영화제 국내 제작 해양영화 공모 공모대상 미상영작 혹은 공고일 기준 최초 상영 2년이내 작품 장르무관 러닝타임 40분 기준으로 장 단편영화 분류 공모기간 2024년 3월 15일 4월 30일 18시 심사방법 영화전문가로 구성된 전문심사위원단 심사발표 선정 후보자 개별 연락 2024년 6월 예정 총 상 금 일금 오백만원정 5 000 000원 유의사항 신청 시 유의사항 참가 신청서를 허위로 작성하였거나 향후 참가자격 제외기준이 확인될 경우 자격 박탈 조치 예정 평가관련 유의사항 전문 심사위원단의 심사로 진행되며 평가 점수 등에 대하여 별도의 이의신청은 없음 지식재산권 관련 유의사항 제출한 작품이 표절작품 또는 표절 부분이 대부분이라고 판단하는 경우 상금 전액 환수함 타인의 아이디어 창작 등을 모방하였을 경우 발생되는 모든 민 형사상의 책임은 참가자 본인에게 있음 문의 kioff two gmail com
https://www.wevity.com/?c=find&s=1&mode=end&gbn=viewok&gp=1&ix=86060,2024년 생명나눔 슬로건 공모전,2024년 생명나눔 슬로건 공모전한국장기조직기증원이 생명나눔의 소중한 가치를 널리 알리기 위한 2024년 생명나눔 슬로건 공모전 을 개최합니다 많은 관심과 참여 부탁드립니다 공모 대상 대한민국 국민 누구나 개인만 응모 가능 공모 기간 2024 4 15 월 5 6 월 22일간 공모 주제 3가지 주제 1 한국장기조직기증원 한국장기조직기증원의 역할과 하는 일을 긍정적으로 표현하며 한국장기조직기증원이 추구하는 사회적 가치를 국민에게 쉽게 전달할 수 있는 문구 예시 Saving Lives 적십자는 생명입니다 대한적십자사 마음을 잇다 당신의 코레일 코레일 주제 2 기증자 가족 생명나눔을 실천한 기증자를 추모하고 기증자 가족에 대한 위로와 감사의 의미를 담은 문구 주제 3 의료진 생명나눔의 가치를 긍정적으로 표현하며 기증 활성화를 위한 의료진의 적극적인 참여를 유도하는 문구1 한국장기조직기증원은 뇌사추정자 또는 인체조직기증희망자 발생 시 병원으로부터 통보를 받아 기증 업무를 전문적으로 수행하는 공공기관으로 생명나눔 가치 실현을 통해 국민 보건 향상에 기여하고자 함 2 생명나눔 및 기관 관련 세부 정보는 아래 붙임자료 및 한국장기조직기증원 공식 홈페이지 참고 공모 형식 5자 이상 35자 이내의 간결하고 함축적인 문구 한글 영어 혼용 가능 문구 의미 별도 제출 300자 이내 공모 방법 네이버폼 양식 http naver me F407UeN5 에 참가신청서 작성 및 온라인 제출 2024 4 15 월 00 00부터 응모 가능 응모 건수는 제한 없으며 신청서 1건당 1개 슬로건만 제출 신청 시 공모전 참가 유의사항 동의서 필수 제출 만 14세 미만 아동은 법정 대리인 동의 필요 심사 방법 대국민 투표 및 심사위원단 평가 주제 적합성 독창성 작품성 전달성 활용도 등 종합 심사 시상 내역 공모주제별 대상 각 1명 총 3명 기관장 표창 상금 50만원 참가상 총 20명 1만 5천원 상당 스타벅스 디저트 세트 기프티콘 결과 발표 2024 6 7 금 예정 기관 홈페이지 게시 및 개별 통보 심사 일정에 따라 발표 일정은 변동 가능 공모 결과 언론보도 기타 사항 세부 내용 공모전 참가 유의사항 동의서 참고 동일하거나 유사한 내용의 응모작은 먼저 접수된 것을 우선으로 인정함 심사 결과 적합한 작품이 없을 경우 당선작을 선정하지 아니할 수 있음 수상자는 별도의 합의를 통해 저작재산권 비독점적 이용허락 계약 진행 표절 모방 등 부정한 방법에 따른 작품은 심사 대상에서 제외하며 수상 후에라도 위반 사실이 밝혀졌을 경우 수상을 취소함 수상작은 대내외 홍보 등의 목적으로 활용됨 문의 한국장기조직기증원 대외협력팀 02 794 2750 hi kim koda1458 kr
https://www.wevity.com/?c=find&s=1&mode=end&gbn=viewok&gp=1&ix=86061,2024 한국장기기증협회 서포터즈 기자단 모집,2024 한국장기기증협회 서포터즈 기자단 모집 지원 자격생명 나눔 운동과 사단법인 한국기증협회에 관심이 많고 적극적으로 활동을 할 수 있는 청소년 대학생과 일반인 누구나 모집 기간 2024년 4월 17일 수 2024년 5월 10일 금 지원 방법 한국장기기증협회홈페이지 접속 후 신청서 다운로드 및 작성하여 이메일로 접수 메일 donor1001 hanmail net 활동 내용 사 한국장기기증협회 월간 홍보물 제작 공식 sns관리 및 장기 기증 서약서 받기 생명나눔 캠페인 및 행사 참석 대외활동 혜택 명함 기자증 등 활동물품 제공 활동내용에 따른 봉사시간 제공 활동 종료 후 수료증 지급 활동우수자 선정 부산시장상 부산교육감상 부산시 의장상 대학총장상 한국장기기증협회장상 등 공신력있는 표창장 수여 문의 사항 장기기증협회 051 635 1001
https://www.wevity.com/?c=find&s=1&mode=end&gbn=viewok&gp=1&ix=86062,제28회 부천국제판타스틱영화제 자원활동가 모집,제28회 부천국제판타스틱영화제 자원활동가 모집 공모 내용 올해로 28회를 맞이하는 부천국제판타스틱영화제에서 자원활동가 를 모집하오니 여러분의 많은 참여 바랍니다 지원 자격 부천국제판타스틱영화제에 대한 열정을 갖고 있는 만 18세 이상의 대한민국 국민과 해외거주자 및 국내 거주 외국인 활동기간 중 체재비의 본인 부담이 가능한 사람 해외동포 및 국내 거주 외국인의 경우 한국어로 의사소통이 가능한 사람 자원활동가 선발 교육 및 각종 행사의 전 과정에 모두 적극적인 참여가 가능한 사람 모집 기간 2024년 4월 5일 금 4월 28일 일 24 00 지원 방법 부천국제판타스틱영화제 자원활동가 홈페이지를 통한 온라인 접수 활동 내용 기술팀 자막상영지원 대외협력팀 굿즈 협찬 사진 촬영 협찬 지원 후원 회원 관객라운지 운영 운영팀 상영관 운영 및 안내 상영관 운영 및 안내 심야상영 티켓 발권 및 안내 초청팀 공항 및 호텔 안내데스크 게스트라운지 게스트 수행 의전 배지 데스크 차량 의전 총무팀 안내데스크 및 종합상황실 자원활동가 사진 및 영상 기록 자원활동가 지원 프로그램팀 행사지원 행사팀 행사운영 홍보팀 공식기록 사진 및 영상 프레스센터 SNS 홍보 영화 산업프로그램팀 창작지원팀 VR사업팀 3개팀이 4분야 통합 모집 대외활동 혜택 영화제 상영 영화 관람 10회 쿠폰 지급 유니폼 및 배지 ID 카드 지급 소정의 활동비 식비 및 교통비 지급 활동인증서 수여 자원봉사 활동 시간 인정 자원봉사포털 1365 사이트 가입 필수 이후 영화제 스태프 지원 시 가산점 부여 이후 영화제 관람 시 할인 혜택 제공 문의 사항 제28회 부천국제판타스틱영화제 총무팀 자원활동가 담당자 E MAIL volunteer bifan kr TEL 032 327 6313 인스타그램 bifan_heroes
https://www.wevity.com/?c=find&s=1&mode=end&gbn=viewok&gp=1&ix=86063,2024 부산 사회공헌대학생네트워크 7기 모집,2024 부산 사회공헌대학생네트워크 7기 모집 공모 내용 2024년 부산시사회공헌정보센터와 함께 사회공헌에 대해 고민하고 꿈꾸던 사회공헌을 직접 기획해볼 NER를 찾습니다 지원 자격 활동기간 2024 5 2024 8 동안 성실히 참여 가능한 부산지역 대학생 휴학생 가능 사회공헌에 관심이 있거나 관련 직무를 희망하는 대학생 모집 기간 접수 기간 4 11 목 4 24 수 18시 도착분까지 서류 발표 4 25 목 면접 심사 4 26 금 최종 발표 4 30 화 이전 지원 방법 참가지원서 첨부파일 작성하여 이메일 제출 bscrc hanmail net 활동 내용 사회공헌 사례 및 트렌드 전달 집단지성을 통한 사회문제 해결 방안 기획 혼자 생각만 하던 아이디어를 함께 풀어낼 수 있는 시간 사회공헌 플리마켓 부스 기획 기업 및 기관 등 사회공헌 진행 현장 방문 담당자와의 만남 공기업 사기업 사회적경제 영역 등 연8회 이상 NER와 함께 하는 워크숍 대외활동 혜택 자원봉사시간 인정 20시간 이상 기업 직접방문 및 사회공헌담당자와의 만남 부산지역 대학생간의 네트워크 사회공헌 및 ESG교육 무료 제공 부산시사회공헌정보센터장 수료증 부여 시상내역 자원봉사시간 인정 20시간 이상 부산시사회공헌정보센터장 수료증 부여 문의 사항 051 502 4455 김예은 사회복지사
https://www.wevity.com/?c=find&s=1&mode=end&gbn=viewok&gp=1&ix=86064,2024년 국민홍보단 마리너스 모집,2024년 국민홍보단 마리너스 모집 모집기간 2024년 4월 9일 화 2024년 4월 22일 월 모집대상 및 인원 대학 원 생 6명 가족 동반 키즈 주니어 3팀 활동기간 2024년 5월 7일 화 2024년 11월 29일 금 합격자 발표 2024 4 29 월 대외활동 혜택 월별 활동 평가 후 소정의 콘텐츠 활동비를 지급해드립니다 자원관 연계 행사 참석 우대 및 굿즈를 제공해드립니다 활동 수료자 대상으로 증명서를 발급해드립니다 최종 우수 활동자로 선발되면 상품을 지급해드립니다 문의 email ikkim8693 gmail com
https://www.wevity.com/?c=find&s=1&mode=end&gbn=viewok&gp=1&ix=86065,2024 크리에이터 제작지원 공모,2024 크리에이터 제작지원 공모 모집기간 2024 4 3 수 4 19 금 18 00까지 마감 주제 내용 로컬 성남시 경기도 미디어 문화예술 사회 환경 지원대상 유튜브 등 소셜미디어 채널을 운영 중이거나 영상 제작이 가능한 크리에이터 지원분야 온라인 영상 1인 팀 영화 단편영화 다큐멘터리 실험영상 지원자격 성남시와 경기도를 기반으로 활동하는 크리에이터 및 동호회 경기도 성남시 거주자 등본 증빙 재직자 재직증명서 재 휴학생 재 휴학증명서 지원자격 증빙자료는 심사 선정 후 추가 제출합니다 지원규모 총 3 300만 원 20명 팀 온라인 영상 1차 100만원 4편 제작 우수 크리에이터 추가 120만원 지원 추가 3편 제작 영화분야 최대 200만원 차등지원 문의 031 724 8353 8370
https://www.wevity.com/?c=find&s=1&mode=end&gbn=viewok&gp=1&ix=86066,메이크어위시 코리아 난치병 아동의 소원을 이뤄주는 2024년 2분기 단기봉사단 모집,메이크어위시 코리아 난치병 아동의 소원을 이뤄주는 2024년 2분기 단기봉사단 모집난치병 아동의 소원천사 2024년 2분기 단기봉사단 을 모집합니다 메이크어위시 Make A Wish 는 소원성취 활동을 통해 난치병으로 투병 중인 아동의 삶에 변화를 선물하는 세계 최대 소원 성취 기관 으로 전 세계 50개 국가에서 함께합니다 재단의 미션에 공감하고 즐겁게 활동하실 분들의 많은 지원 바랍니다 모집 대상 1 국내 외 대학 교 에 재학 중인 대학 원 생 2인 이상 팀으로 지원 가능 2 만 19세 이상의 신분 확인이 가능한 성인 개인 팀으로 모두 지원 가능 대학 원 생의 경우 팀 신청만 가 지원서는 개별 내용으로 개인 제출 必 팀 전원 동일한 내용 기술 및 팀 대표 1개 지원서 제출 시 불합격 모집 일정 1 모집 기간 2024 04 04 목 04 14 일 2 1차 발표 2024 04 17 수 18시 홈페이지 내 공지3 면접 일정 2024 04 24 수 2024 04 30 화 4 최종 발표 2024 05 02 목 18시 홈페이지 내 공지 활동 일정 발대식 2024 05 09 목 오후 8시 비대면 해단식 2024 08 22 목 오후 8시 비대면 상기 일정 모두 필수 참석 대외활동 내용 1 난치병 아동을 만나 소원을 도출하는 활동2 난치병 아동의 소원이 이루어지는 날인 위시데이 기획 및 진행 지원 방법 메이크어위시 코리아 홈페이지 온라인 지원 ㄴ홈페이지 상단 참여하기 자원봉사활동 단기봉사단 신청하기 기타 사항 모집 및 공지는 홈페이지를 통해 진행됩니다 팀 별 활동비를 지급하며 활동 시 지역 간 이동이 있을 수 있습니다 발대식 불참 시 활동 참여가 불가하며 해단식 불참 시 활동인증서가 발급되지 않습니다 본 활동은 해외 봉사활동과 병행할 수 없으며 봉사시간은 인정되나 학점 이수 봉사활동으로 연계되지 않습니다 FAQ Q 팀으로 어떻게 지원하나요 A 신청 유형에서 팀 신청 선택 후 함께 신청하는 지원자의 성함을 모두 작성해주시면 한 팀으로 배정합니다 Q 팀으로 지원할 경우 팀 대표로 지원서를 제출하면 되나요 A 아니요 팀원 개별 내용으로 개인 제출해주셔야 합니다 팀 전원 동일한 내용을 기술하거나 팀 대표 1개의 지원서만 제출할 경우 불합격 처리되니 유의하세요 Q 개인으로 지원할 경우 팀 배정은 어떻게 되나요 A 개인 신청자의 경우 지원자의 지원서 및 면접 내용을 고려하여 재단에서 팀을 구성합니다 문의 wishangel wish or kr
https://www.wevity.com/?c=find&s=1&mode=end&gbn=viewok&gp=1&ix=86067,스마트관광신문에서 대학생 여행기자단 여담 7기 모집,스마트관광신문에서 대학생 여행기자단 여담 7기 모집여담기자단 장점이 너무 많지만 장점 BEST 3를 꼽자면 BEST 1 매달 우수기자를 선정하여 호텔 체험권 숙박권 식사권 등 제공 BEST 2 로컬크리에이터 여행기자단 기자증 발급 BEST 3 경력증명서 SNS 마케팅 실무자격증 발급과 다양한 교육 기회 제공 개성 넘치는 아이디어와 번뜩이는 패기로 스마트관광신문과 함께 대한민국 골목골목을 취재할 대학생 로컬크리에이터를 찾습니다 적극적인 관심 부탁드리며 아래 세부 안내를 확인해 주세요
https://www.wevity.com/?c=find&s=1&mode=end&gbn=viewok&gp=1&ix=86068,제11회 해양수산 비즈니스 공공서비스 공모전,제11회 해양수산 비즈니스 공공서비스 공모전 공모 주제① 해운 항만물류 ② 해양 환경 기후 안전 ③ 해양 관광 레저 ④ 어촌 귀어 양식 ⑤ 수산물 유통 안전 품질 등 해양수산 전분야 공모 내용 공공데이터 기반 창의적 아이디어와 비즈니스 모델 발굴 등 해양수산 데이터 활용을 활성화하기 위한 경진대회 지원 자격 전 국민 본부 소속 산하기관 직원 포함 모집 기간 24 4 19 6 21 2개월 지원 방법 온라인 지원 해양수산부 사이트 활동 내용 비즈니스 공공서비스 아이디어 기획 제품 서비스 개발 빅데이터 분석 시상자 특전 후원기관 창업지원 프로그램 추천 행정안전부 공공데이터 활용 창업경진대회 본선 진출 본선 1 1 상위대회진출작 집중 멘토링 지원 공모전 시상내역 대 상 1 해양수산부 장관 500만원 최우수상 부산항만공사 사장 1 200만원 해양수산과학기술진흥원 원장 1 200만원 온누리상품권 우수상 7 100만원 울산 여수광양 인천항만공사 사장 해양환경공단 이사장 한국해양교통안전공단 이사장 한국수산자원공단 이사장 한국어촌어항공단 이사장 문의 사항 해양수산부 044 200 5214 5213
https://www.wevity.com/?c=find&s=1&mode=end&gbn=viewok&gp=1&ix=86069,2024 캔위성 경연대회,2024 캔위성 경연대회
https://www.wevity.com/?c=find&s=1&mode=end&gbn=viewok&gp=1&ix=86073,디킨슨 굿즈 만들기 챌린지,디킨슨 굿즈 만들기 챌린지 브랜드 소개1 디킨슨 위치하젤 브랜드 에 대하여 알아볼까요 제조부터 생산까지 갖춘 시스템 American Distilling OTCO에서 유기농 농장으로 인증 받은 뉴잉글랜드 4천만평 위치하젤 농장에서 재배된 품질 좋은 위치하젤만을 사용 가장 순수한 원료를 추출하기 위한 디킨슨만의 특수 증류법 개발 워터리스 토너 한국에서 판매되는 위치하젤 토너 중 위치하젤 함량이 가장 높은 토너 약산성 저자극 테스트 완료 4 01 pH 5 24 pH 사이 피부과 임상시험 완료2 위치하젤 에 대하여 알아볼까요 위치하젤은 치료적 특성과 아로마틱 성분을 가진 작은 식물입니다 복동부가 원산지인 위치하젤은 늦가을에 황금빛 꽃과 씨앗을 맺습니다 씨앗은 1년 후에 성숙하는데 그 때 씨앗을 터뜨리고 번식을 위해 널리 흩뿌립니다 나무껍질과 잔가지 추출물은 위치하젤이 절정으로 개화하는 추운 뉴잉글랜드의 겨울 동안 증류되어 가장 순수한 천연의 위치하젤 수렴수가 됩니다 17세기 초 아메리카 원주민들은 위치하젤이 가진 힘을 발견했고 작은 상처 찰과상 피부 염증 등을 치료하기 위해 이 식물을 사용해 왔습니다 이후 1866년 토머스 뉴턴 디킨스 목사가 상용화하여 오늘날까지 일상 속 스킨 케어의 주요 원료가 되어오고 있습니다 공모 내용 디킨슨의 상징적인 YELLOW 컬러와 친환경 이미지 추구 디킨슨 제품을 담을 수 있는 파우치 가방 포장박스 에코백 또는 티셔츠 디자인 등 제안 기타 다른 굿즈 제안도 환영 심플한 디자인 선호 로고도 같이 레이어드 해주실 수 있으시면 더욱 좋습니다 필수사항 아님 홈페이지 https www dickinsonsmall co kr 인스타그램 https www instagram com dickinsonskorea 접수기간 2024 4 15 월 12AM 5 5 일 12AM 결과발표 2024 5 13 월 응모자격 MAKE8 유저라면 누구나 계정 하나 당 업로드 1회 출품방법MAKE8 및 AI 프로그램을 활용한 결과물을 이미지 형태로 설명과 함께 해당 챌린지에 제출합니다 생성 후 수정 보완한 이미지 제출도 무관합니다 작품 업로드를 위해 로그인 필수 공모전 시상내역 1등 1명 백화점상품권 30만원 베스트 챌린저 10명 디킨슨 위치하젤 3종 세트 84 500원 상당 제세공과금 주최측 부담 포어퍼펙팅 토너 473ml 피부결 모공 블랙헤드 한 번에 관리 27 000원 하이드레이팅 로즈워터 토너 473ml 히알루론산 로즈워터 알로에 함유 28 000원 미셀라 메이크업리무버 473ml 미세먼지 97 세정 29 500원 유의사항 제출한 작품과 서류는 일체 반환되지 않으며 수상작의 모든 권한은 주최 측에 귀속됩니다 수상작은 주최 측에서 수정 및 보완해 사용할 수 있습니다 당첨된 유저의 수상을 위하여 개인 정보 수집에 동의하여야 합니다 당선되신 분들께는 가입 계정 이메일로 결과가 개별 통보되며 개인 정보 수집에 관련한 자세한 사항도 함께 공지됩니다 당선 이미지는 MAKE8 공식 인스타그램 계정에 노출됩니다 생성 후 수정 보완한 이미지는 당선 후 메일 제출 시 반드시 원본 파일을 함께 보내주셔야 합니다 또한 이미지 생성 시 작성한 프롬프트와 상세 정보를 이메일 답변으로 보내주시면 감사하겠습니다 문의 marketing imgspace ai 전화문의 불가
https://www.wevity.com/?c=find&s=1&mode=end&gbn=viewok&gp=1&ix=86074,2024 사회보장정보와 공공 민간 빅데이터를 활용한 국민행복서비스 발굴 창업경진대회,2024 사회보장정보와 공공 민간 빅데이터를 활용한 국민행복서비스 발굴 창업경진대회 공모 주제 사회보장정보 등 공공데이터와 민간데이터를 활용한 창업 기획 및 사업화 아이디어 발굴 아동 청소년 노인 장애인 등 사회보장 분야 사회문제 해결 및 사업화 가능 아이디어 발굴 공모 기간 2024 4 8 월 6 7 금 참가 자격 대한민국 국민 누구나 개인 또는 단체 접수 방법 이메일 접수 data ssis or kr 제출 자료 ① 참가신청서 PDF 형식 ② 사업계획서 HWP 형식 ③ 청렴서약서 PDF 형식 ④ 개인정보 수집 이용 동의서 PDF 형식 ⑤ 사업자등록증 및 중소기업확인서 해당시 공모전 시상내역 대상 1팀 보건복지부장관상 700만원 최우수상 2팀 보건복지부장관상 각500만원 우수상 2팀 한국사회보장정보원장상 동국대학교총장상 각300만원장려상 11팀한국사회복지협의회장상 한국보건복지인재원장상 한국노인인력개발원장상 한국장애인개발원장상 아동권리보장원장상 한국데이터산업진흥원장상 SW중심대학협의회장상 초록우산어린이재단 회장상 전자신문 이사장상 이티에듀 대표상 헬스경향 대표상각100만원입선 10팀 서류심사 통과팀 각20만원 공모 관련 문의처 이메일 data ssis or kr 유선 한국사회보장정보원 빅데이터개방결합부 02 6360 4607 4616
https://www.wevity.com/?c=find&s=1&mode=end&gbn=viewok&gp=1&ix=86075,2024 동작구자원봉사센터 대학생 봉사단 모집,2024 동작구자원봉사센터 대학생 봉사단 모집 공모 내용동작구에서 대학생 연합봉사활동으로 봉사활동 시간도 챙기고 친구도 만들자 열정 가 득한 대학생이라면 누구나 가능 지원 자격 대학생이라면 누구나 가능 인원 제한 없음 동작구 소재 또는 거주 대학생 대환영 모집 기간 모집기간 2024 4 11 4 30 지원 방법 구글폼을 이용하여 작성 진행 https forms gle cVZXXTJaHPF1LTTn6 활동 내용1 대학생 연합봉사활동 쉽게 참여 가능한 테마별 자원봉사 활동 진행 지천살리기 캠페인 5월 빗물받이 점검 7월 복지나눔축제 참여 9월 취약계층 지원 10월2 동아리 기획형 봉사활동 선택사항 5월 10월 대학생 봉사동아리 소모임 3인이상 프로그램 기획 사업 심의 후 금액 지원 추후 안내 3 사회복지정책 연계형 봉사활동 선택사항 연중 대학생과 지역주민이 함께하는 자원봉사활동 추진4 기업사회공헌 연계형 봉사활동 선택사항 5월 10월 공공기간 및 기업의 사회공헌 활동에 참여 대외활동 기간 2024 5월 12월 발대식 5월중 개최 예정 11월 성과공유회 진행 2025년에도 지속적으로 활동 가능 활동 혜택 활동 시간 자원봉사시간으로 인정 자원봉사 확인증 발급 우수활동가 표창 문의 사항 T 02 824 0019 E djvol0019 daum net 담당자 안지홍 김예진
https://www.wevity.com/?c=find&s=1&mode=end&gbn=viewok&gp=1&ix=86077,의령 방문의 해 기념 온라인 사진전,의령 방문의 해 기념 온라인 사진전 모집 기간 24 4 8 월 7 12 금 공모 주제① 축제부문 의령 각종 축제사진 홍의장군축제 리치리치페스티벌 신번문화축제 가례밭미나리축제 등 초상권이 문제가 되지 않는 축제장 내의 인물 또는 체험사진 행사장이 잘 표현될 수 있는 재미있는 사진도 가능② 관광부문 의령을 대표하는 관광 자원사진 의령의 관광자원 관광지 문화유적지 등 의령의 아름다운 자연 경관 나만 알고 있는 의령의 숨은 관광 명소 출품대상 2023 10 이후 촬영한 사진 원본 보정본 포토샵 모두 출품 가능 참가대상 시민 누구나 일반인 외국인 학생 접수규격 JPG파일 2 000X3 000 픽셀 이상 선정작① 축제부문 총 10점 선점② 관광부문 총 18점 선점 선정작은 추후 2차 가공하여 재사용될 수 있습니다 선정작은 의령의 다양한 홍보를 위해 쓰일 예정입니다 접수방법 구글 폼 QR코드 을 통한 사진전 접수 등록 https docs google com forms d e 1FAIpQLSfgqBjt1 s gs_HSW8Z8 lBOPZ izyFo3E3N_S8h4SMdopBjA viewform 공모전 시상내역① 축제부문 대상 1명 100만원 최우수상 1명 50만원 우수상 1명 30만원 장려 1명 20만원 입선 6명 각 10만원②관광부문 대상 1명 100만원 최우수상 1명 50만원 우수상 3명 각 30만원 장려 3명 각 20만원 입선 10명 각 10만원
https://www.wevity.com/?c=find&s=1&mode=end&gbn=viewok&gp=1&ix=86078,인천공항 문화예술 프로그램 모니터링단 모집,인천공항 문화예술 프로그램 모니터링단 모집 공모 내용 인천공항의 문화예술공항 도약을 위해 인천공항 문화예술 프로그램의 참관 홍보 개선 활동을 함께할 GLANCER를 모집합니다 지원 자격 문화예술 콘텐츠 공연 전시 홍보 에 관심이 많으며 인천공항의 문화예술공항을 함께 만들어 가기 위해 적극적으로 활동할 의사가 있는 자 모집 기간 2024 4 8 월 2024 4 21 일 24시 지원 방법1 icn_culture and art 블로그 접수 지원서 1부 및 개인정보 수집 제공 이용 동의서 1부 활동 기간 2024년 4월 2024년 12월 발대식 4 24 수 토크콘서트 전 시행 별도 공지 대외활동 내용1 오프라인 인천공항 문화예술 프로그램 체험 후기 SNS 홍보 의견제안서 제출2 온라인 SNS 활용 인천공항 문화예술 프로그램 홍보3 상시 공항에 제안하고 싶은 문화예술 프로그램에 대한 아이디어 개진4 상시 프로그램 개선이 필요한 안건 관련 오프라인 회의 참여 및 설문조사 시행 지원서 Ⅱ 사전설문 항목에 제출한 공연 전시 프로그램 참여 희망 선호도를 최대한 반영하여 연중 최대 6개의 프로그램에 참여 가능하며 전시 프로그램의 경우 전체 수요조사 취합 후 프로그램별 참관 가능 일정을 별도 공지할 예정입니다 활동 혜택1 문화예술 프로그램 초청 참석 시 교통비 명목 활동비 건당 지급 최대 6회 2 인천국제공항공사 주최 각종 행사 참여 기회 제공 최종발표 2024 4 24 예정 개별통보 문의 사항 포스터 내 QR 클릭 인스타그램 문화예술계정 icn_culture and art DM
https://www.wevity.com/?c=find&s=1&mode=end&gbn=viewok&gp=1&ix=86080,사장님 나이스 컷 숏폼 공모전,사장님 나이스 컷 숏폼 공모전 공모 주제 소상공인 분야의 새로운 창업 아이디어 소상공인과 관련된 노하우 정보 소상공인이 실무에 적용할 수 있는 정보 지식 노하우 소상공인의 일상을 공유하는 브이로그 영상 공모 내용슬기로운 사장님이 지식나눔터에 떴다스마트폰 하나만 있어도 간편하게 참여 가능한 숏폼 공모전 나만 알기 아쉬운 사업노하우 소소한 일상이 담긴 장사 브이로그 우리 가게의 시그니처 레시피까지 사장님의 슬기로운 장사 생활을 1분 이내의 짧은 숏폼으로 공유해주세요 지원 자격 소상공인 누구나 개인 팀 등 개별 및 팀 3인 이내 모두 신청 가능하며 별도 자격제한 없음 공모 기간 공모 기간 4월 9일 화 4월 19일 금 공모 일정 4월 9일 화 4월 19일 금 결과 발표 4월 26일 금 제출 형식 20초 60초 1분 이내의 동영상 확장자 AVI MPEG MKV MP4 WMV ASF FLV MOV 등 2GB 이하 표준 동영상 파일만 가능 지원 방법1 소상공인24 회원가입2 지식나눔터 홈페이지 로그인3 로그인 후 마이페이지 접속4 내 채널 생성 채널 명 채널 프로필 등록 5 20 60초 이내의 영상 등록6 영상 제목 설명 카테고리 설정 공개범위 공개 설정과 키워드 숏폼공모전 설정은 필수 7 동영상 파일 추가 후 전송 시작8 전송 완료 후 업로드9 공모전 폼에 소상공인24 아이디 업로드 영상 링크 참가자 개인정보 입력 평가 방법 소상공인 지식나눔터 최신영상 페이지의 영상에 추천 좋아요 클릭하여 평가 콘텐츠 평가기간 04월 09일 화 04월 22일 월 평가기간동안 추천 좋아요 댓글을 남긴 참여자 대상 추첨을 통해 온누리모바일상품권 1만원 증정 투표자 이벤트 참여 방법 대국민 투표 참가자 1 소상공인24 회원가입2 지식나눔터 홈페이지 로그인 3 메인 화면의 영상 영상목록 클릭4 공모전 기간 내 4 9 4 19 업로드된 숏폼 영상 시청5 마음에 드는 영상에 좋아요와 댓글 남기기6 이벤트 폼에 소상공인24 아이디 투표 참여 영상 링크 경품 응모할 개인정보 입력7 폼 제출 공모전 시상내역 1등 1명 온누리상품권 50만원 2등 2명 온누리상품권 30만원 3등 3명 온누리상품권 20만원 인기상 20명 온누리상품권 5만원 문의 사항 tel 02 737 1003
https://www.wevity.com/?c=find&s=1&mode=end&gbn=viewok&gp=1&ix=86081,제5회 평화통일 사진 동영상 숏폼 공모전,제5회 평화통일 사진 동영상 숏폼 공모전 공모 내용평화통일에 대한 공감대 확산청소년 및 지역민들이 직접 참여하는 공모전을 개최하여 평화통일에 대한 관심 제고대한민국 미래를 제시하고 평화와 통일에 대한 관심과 인식 개선 민주평화통일자문회의 및 양평군 홍보 지원 자격 전국 누구나 모집 기간 2024년 4월 8일 부터 6월 30일 공모전 시상내역 사진 13작품 130만원 숏폼 6 7작품 100만원 동영상 6 7작품 170만원 총 400만 지원 방법 참가신청서 1부 동영상 작품 원본 파일 자막본 무자막본 각1편 사진 작품 원본파일 개인정보이용 동의서 1부 QR코드 접수 문의 사항 031 772 4101
https://www.wevity.com/?c=find&s=1&mode=end&gbn=viewok&gp=1&ix=86082,한국생명존중희망재단 2024 같이 살자 같생 서포터즈 3기 모집,한국생명존중희망재단 2024 같이 살자 같생 서포터즈 3기 모집 모집기간 2024년 4월 16일 화 2024년 4월 30일 화 16시까지 총 2주간 모집대상 전국 대학교 및 대학원 재 휴학생 선발인원 20개 팀 총 70명 3인 이상 5인 이하 팀 단위로 지원 심사방법 제출서류 지원서 를 통한 서면평가 활동기간 2024년 5월 11월 7개월 일정 등은 변경될 수 있음 변경 시 공지 예정 주요활동 매월 오프라인 교육 참석 후 관련 내용 콘텐츠 제작 및 게재 팀별 대표 SNS 공개 계정 개설 운영 필수 자살예방주간 기념 같생 박람회 개최 9 9 박람회 참석 필수 활동혜택 한국생명존중희망재단 이사장 임명장 수여 월별 활동비 개인 85 000원 우수 콘텐츠 상금 월별 3개 팀 선정 팀별 30만원 지급 우수 활동팀 보건복지부 장관상 등 수여 예정 2개 팀 우대사항 생명존중에 대한 높은 관심 활발한 SNS활동 카드뉴스 영상 제작 등 콘텐츠 제작 가능 최종 합격자 발표 2024년 5월 17일 금 합격팀에 한하여 개별 안내 예정 발대식 2024년 5월 31일 금 예정 발대식 불참 시 선발 취소 작성방법 지원서 양식은 자유 한글 PPT 등 이나 지원서 양식 내 4 개별 지원서 5 서포터즈 지원서 1 팀 소개 2 기타사항 의 내용 은 반드시 포함 제출방법 제출 기한 4월 16일 화 4월 30일 화 16 00 까지 제출 방법 홍보기획운영팀 이메일 접수 kfsp_pr kfsp or kr 문의_ 한국생명존중희망재단 홍보기획운영팀 전화 02 3706 0452 이메일 kfsp_pr kfsp or kr
https://www.wevity.com/?c=find&s=1&mode=end&gbn=viewok&gp=1&ix=86083,제8회 상하농원 봄 상하 어린이 사생대회,제8회 상하농원 봄 상하 어린이 사생대회
https://www.wevity.com/?c=find&s=1&mode=end&gbn=viewok&gp=1&ix=86084,제7회 문경새재전국시낭송대회,제7회 문경새재전국시낭송대회 개최 취지한국인이 꼭 가봐야 할 관광지100선 중 1위에 선정된 아름다운 문경은 길과 고개의 문화라고 할 만큼 역사 깊은 곳입니다 문경과 새재를 배경으로 한 시의 낭송을 통해 문경과 새재를 깊이 이해하고 널리 알리며 새로운 문경과 새재 시를 발굴 보급하여 모든 이들이 사랑하고 다시 찾고 싶은 문경을 만들고자 문경새재전국시낭송대회 를 개최합니다 본선 대회가 일 시 2024년6월9일 일 오전10시나 장 소 문경 문희아트홀 경북 문경시 신흥로 103 다 접수기간 2024년4월10일 수 2024년5월10일 금 24시라 참가자격 시낭송을 사랑하는 분 누구나 전국시낭송대회 대상 수상자 제외 마 지 정 시 문경과 새재를 주제로 한 대회 지정시 중 1편 선택 지정시 원본은 다음카페 작가사상 참조 지정시는 매년 수정 삭제 추가되오니 접수 전 반드시 원본 확인 요망 지정시 다운로드바 제출서류 ①참가신청서 첨부파일 다음카페 작가사상 참가신청서 다운로드사 접수방법 참가신청서와 신청 시 원문을 아래 이메일로 접수 cheongeum2017 daum net아 참 가 비 3만원 계좌번호 농협301 0205 3334 31 예금주 문경시낭송협회 참가신청서 접수 후 신청자 명의로 입금 참가비 입금 순서로 선착순 접수함 자 주의사항 예선 없음 암송 원칙 소품 배경음악 불허 시상 내역 주흘산상 대상 1명 상금100만원 및 상장 시낭송가 인증서 황장산상 금상 1명 상금50만원 및 상장 시낭송가 인증서 희양산상 은상 2명 상금 각30만원 및 상장 시낭송가 인증서 대야산상 동상 10명 상금 각10만원 및 상장 시낭송가 인증서 조령산상 장려상 10명 상장 및 부상 상금은 세액 공제 후 지급됨 상금 제세공과금은 수상자 본인 부담 대회 문의경북 문경시 중앙로 121 삼성당 3층문경새재전국시낭송대회 사무국
https://www.wevity.com/?c=find&s=1&mode=end&gbn=viewok&gp=1&ix=86086,2024 TS 교통안전 서포터즈 모집,2024 TS 교통안전 서포터즈 모집 모집규모 120명 대학생90명 일반인30명 모집기한 2024 4 15 월 5 10 금 까지 지원자격 전국 대학생 누구나 재학생 대학원생 가능 교통안전에 관심있는 일반인 평소 교통안전과 온라인 콘텐츠 제작에 관심있는 분 본인 계정에 콘텐츠 공개 가능하신분 활동내용 매월 1회 교통안전 콘텐츠 제작 및 업로드 매월 1회 생활속 교통안전 캠페인 참여 등 미션 수행 포트홀 턱낮춤 불량 등 도로 위험요소 신고 척척해결서비스앱 활용 대외활동 혜택 매월 활동 실적에 따라 소정의 활동비 지급 월 최대 5만원 매월 우수 콘텐츠 선정 및 상금 지급 5명 內 1인당 15만원 연말 우수활동자 선발 한국교통안전공단 이사장 표창 및 상품권 지급 10명 1인당 20만원 활동기간 충족 수료 시 수료증 발급 접수방법 네이버폼 온라인 지원 https naver me 5XTqJM0H or 모집 공고문의 QR 코드 선발방법 서류심사 합격자 발표 5 22 수 문자로 개별 통지 공단 홈페이지 공지사항 게시 발대식 OT 5 31 금 14시 서울 예정 자세한 장소는 합격자 대상 별도 안내 문의안내 한국교통안전공단 교통안전처 담당자 054 459 7238 hebiiin_n kotsa or kr
https://www.wevity.com/?c=find&s=1&mode=end&gbn=viewok&gp=1&ix=86087,제5회 문경새재문학상 공모,제5회 문경새재문학상 공모 취 지문경과 문경새재에 관한 시의 창작을 독려하고 우수한 작품을 발굴하여 문경을 찾는 모든 사람들이 문경을 더욱 깊이 이해하고 사랑하는 계기를 마련하고자 제5회 문경새재문학상 작품을 공모합니다 당선된 시는 문경새재전국시낭송대회 지정 시로 선정하여 전국의 많은 시낭송가가 낭송하게 될 것이며 문경새재를 홍보하는 책자와 행사에서 적극 활용하게 되며 문예지 작가사상 에 게재하여 전국 문인들에게 발송하게 됩니다 개 요가 주 최 문경시낭송협회나 주 관 문예지 작가사상 다 후 원 문경시 좋은시바르게낭송하기운동본부 작가사상문인회 청음시낭송예술원 요 강가 참가자격 20세 이상의 기성 작가 신인 작가 불문나 내 용 문경과 문경새재에 관한 낭송에 적합한 자유시 1편 이상다 공모기간 2024년 2월 16일 금 2024년 4월 30일 화 24시까지라 접 수 처 메일 주소 jakgasasang naver com 접수는 메일로만 받습니다 우편접수 불가 마 제출방법 한글 워드로 작성하여 첨부 파일로 제출 제목 14p 본문 12p 줄간격 160 글꼴 함초롬바탕바 제출서류 참가신청서 1부 작품 한글 파일 참가신청서 다운로드 심사 및 시상가 심사기준 본 대회 심사기준에 따름나 심사위원 주관부서에서 선정다 발 표 2024년 5월 10일 금 개별 통지 및 작가사상 카페 공지라 시 상 식 2024년 5월 19일 일 문경새재전국시낭송대회 시상식과 함께 함 시상내역가 대 상 1명 상금 100만원 및 상장나 우 수 상 2명 각 상금 50만원 및 상장 응모작이 수준 미달 시에는 당선작이 없을 수 있습니다 상금은 세액 공제 후 지급됨 상금 수상에 따른 제세공과금은 수상자 본인 부담 주의사항가 제출된 시는 일체 반환하지 않습니다 나 응모 시는 어떤 형태로든 한 번도 발표되지 않은 순수한 창작물이어야 하며 표절이나 모방 시로 밝혀질 경우 모든 책임은 응모자에게 있으며 시상 후에도 상금 및 상장을 회수 합니다 다 당선 시의 소유권은 주최 및 주관 부처에 있습니다 라 당선된 시는 문경새재전국시낭송대회 지정 시로 지정하고 널리 홍보합니다 마 메일 접수 후 접수 여부를 메일로 알려드리오니 꼭 확인하시기 바랍니다 바 문학상 관련 상세 사항은 다음 카페 작가사상 문경새재문학상공모 메뉴 참고
https://www.wevity.com/?c=find&s=1&mode=end&gbn=viewok&gp=1&ix=86088,2024 서대문구 공사장 가설울타리 공공디자인 공모전,2024 서대문구 공사장 가설울타리 디자인 공모전관내 공사장 가설울타리에 참신하고 예술적인 작품 적용을 위해 공모전을 추진하여 우수 작품을 발굴하고 도시경관 품격향상에 기여하고자 아래와 같이 공고하오니 많은 관심과 적극적인 참여를 바랍니다 공모명 2024년 서대문구 공사장 가설울타리 디자인 공모전 참가자격 만 19세 이상 국민 누구나 참가인원 개인 및 3인 이내의 팀 다수의 팀 중복 소속불가 1인 1팀 소속 공모주제 변화 성장하는 행복가득한 서대문구의 미래 주제 1 행복 100 서대문 등 서대문구민에게 전하는 행복메시지를 시각화한 디자인 주제 2 서대문구 마스코트 서치 를 활용한 구민 행복 미래상을 시각화한 디자인 주제 3 알리고 싶은 서대문구의 랜드마크나 상징을 활용한 도시브랜드 제안컨셉의 디자인 공모 주제 3개중 1개 선택하여 제출 심사기준 심사 방법 전문가 심사 서대문구 공공디자인 진흥위원회 위원 포함 전문가 6명 내외로 구성 심사 기준 공고된 디자인원칙 채점배분 기준 에 따라 심사 디자인기준 채점기준 창의 심미성 30점 창의적이고 작품의 미적 완성도가 높은 디자인 지역 조화성 30점 지역 특성을 반영하며 주변 경관과 조화로운 디자인 활용성 20점 실제 제작 및 설치가 가능하고 향후 확장가능한 디자인 공공성 20점 유니버설디자인 적용 등 공공성을 고려한 디자인 공모일정 작품접수 기 간 2024년 3월 20일 4월 30일 접 수 이메일 접수 kmf9799 sdm go kr 문의처 kmf9799 sdm go kr 02 330 1994 수상작 발표 2024 5 10 금 예정 시 상 식 2024 5월 말 예정 시상식 수상자에 한하여 개별통보 시상내역 총 6개 작품 시상 상장 및 상금 14 000천원 대 상 1개 상장 및 상금 5 000천원 최우수상 2개 상장 및 상금 각 3 000천원 우수상 3개 상장 및 상금 각 1 000천원 상황에 따라 일정 및 시상내용은 일부 변경될 수 있음 응모제출물 제출파일 ① 출품신청 및 작품설명서 지정양식 서대문구 홈페이지에서 다운로드 ② 작품 1 작품패널 이미지 파일 1부 JPG 파일 또는 PDF 파일 해상도 300dpi 이상 실제 시공 시 문제없도록 해상도를 고려하여 작업 필요 A1 사이즈 가로 형태 841mm x 594mm 2 파일명 작품 제목 으로 파일 압축 제출 3 가설울타리 기준 사이즈 실제 시공 시 출력 가능한 범위 유의사항 서대문구 내 6m 높이의 공사장 가설울타리에 시공될 수 있는 디자인 공사장 가설울타리 공모전 기본자료 AI 를 다운받아 정해진 규격 내에 자유롭게 구성 자유롭게 구성하되 디자인 컨셉 작품사이즈 및 소재는 반드시 제시 수상작에 한 해 일부 수정 요청이 있을 수 있음 수상자는 작업물의 원본 AI PSD 등 을 필수 제출 데이터 파일 제출 필수 디자인 원본 AI 작업파일 템플릿 작업 원본 글자 윤곽선 만들기 outstroke 적용 선은 모양확장 expand 적용 후 제출 수상작의 저작권은 수상 시 본 공모전 관련하여 제출되는 자료의 사용권은 서대문구에 있음을 동의 공동 응모작의 경우 3인 이내의 공동출품으로 제한하며 응모자는 다수의 팀에 소속 될 수 없음 1인 1팀 소속 필히 가로로 제작 응모제출물은 반환하지 않음 본인 작품이 아니거나 표절 등 인공지능 제작 외국사례 모방 또는 다른 공모전에 출품한 동일 유사한 작품은 심사에서 제외하며 수상 후에라도 위반사실이 밝혀졌을 경우에는 수상을 취소하고 모든 책임은 응모자에게 있음 작품제출 시 응모자를 인지할 수 있는 실명 표기를 금함 작품명 기재 응모방법① 온라인접수 이메일 kmf9799 sdm go kr 02 330 1994 접수 유의사항 접수 마감일 17 00까지 접수 또는 도착한 작품에 한하여 유효합니다 주말 및 공휴일 방문접수 불가 지연도착 및 작품파손에 따른 심사 불이익은 책임지지 않음 유의사항 출품 신청서 란에 응모자 부문 및 작품내용 필수입력 미기재시 출품 미인정 접수된 신청서는 일체 반환하지 않으며 출품작 및 수상작에 대한 소유권 및 사용권은 서대문구에 귀속되며 수정 보완하여 사용할 수 있음 제안내용에 따라 수준에 미달 또는 부적절하다고 판단되는 경우 수상작이 없을 수도 있으며 심사과정은 공개하지 않음 응모 부문별 출품은 가능하나 동일인에 대한 중복 시상은 하지 않음 출품작이 타인의 초상권 저작권 침해와 관련된 사항은 응모자의 책임으로 함 다른 공모전에 출품 타인의 저작권 침해 명의를 도용한 출품작은 심사대상에서 제외 다음의 결격 사유가 있을 경우 수상취소 및 시상내역 상장 시상금 을 환수할 수 있습니다 출품작에 응모자의 신분을 파악 할 수 있는 표시가 있는 경우 다른 공모전에 출품 저작권 침해 명의 도용 표절 등 공공질서 미풍양속에 저해되는 내용이 포함된 경우 출품물 규격을 준수하지 않은 경우 등
https://www.wevity.com/?c=find&s=1&mode=end&gbn=viewok&gp=1&ix=86089,제45회 근로자문학제,제45회 근로자문학제 온라인접수 2024 5 1 월 6 30 일 18시 참가자격 근로자라면 누구나 참여가능 접수시작일 기준 해외파견근로자 노무제공자 플랫폼 종사자 포함 산재근로자 참가신청일 기준 퇴사자로 퇴사 후 6개월 이내인 자 참여 근로자가 소속된 사업장의 사업주 고용보험가입 자영업자 산재보험 가입 중소기업사업주 참가분야 시 시조 포함 소설 극작 희곡 시나리오 단편드라마 등 수필 주제 자유주제 시상분야 대상 고용노동부장관상 400만원 1명 금상 각 200만원 4명 은상 각 100만원 4명 동상 각 50만원 16명 입선 20명
https://www.wevity.com/?c=find&s=1&mode=end&gbn=viewok&gp=1&ix=86090,제 17회 2024 웅진주니어 문학상 공모전,제 17회 2024 웅진주니어 문학상 공모전
https://www.wevity.com/?c=find&s=1&mode=end&gbn=viewok&gp=1&ix=86091,2024년 심훈문학상작품 공모전,2024년 심훈문학상작품 공모전 상록수 그날이 오면 의 작가 심훈의 문학정신을 기리고 역량 있는 신진 작가를 발굴 지원하고자 아래와 같이 작품을 모집합니다 한국 문학을 이끌어갈 야심찬 신인들의 많은 관심과 응모 바랍니다 응모자격 미등단 신인 또는 등단 후 첫 작품집 장편소설이나 소설집 또는 시집 을 발간하지 않은 신진 작가 모집분야 시 시집 1권 분량 50편 이상소설 단행본 1권 분량 장편 500매 이상 중편 3편 이상 단편 6편 이상 중편 1편은 단편 2편으로 갈음함 미발표 신작 또는 단행본으로 출간되지 않은 발표작 단 발표된 작품은 작품의 마지막에 발표지면을 명기해야 함 상금 시 5백만 원 소설 1천만 원 특전당선자는 계간 ASIA 신인상 수상자로 예우함 당선작의 일부는 계간 ASIA 에 게재하고 아시아출판사에서 단행본으로 출간함 응모마감 2024년 7월 1일 월요일까지 마감일 소인까지 접수 이메일 접수는 받지 않습니다 발표 2024년 9월 중 계간 ASIA 보낼 곳 10881 경기도 파주시 회동길145 활판인쇄박물관 내 아시아출판사 문의 bookasia hanmail net 당선작이 없을 경우 우수작을 선정할 수 있습니다 응모작품과 함께 별도의 용지에 성명 생년월일 응모 부문 작품명 응모편수 원고량 연락 가능한 전화번호 이메일 주소를 기입해서 보내주십시오 제출된 작품은 반환하지 않습니다 표절이 밝혀질 경우 당선이 취소되며 그에 따르는 책임을 지게 됩니다 개별적인 접수 확인은 하지 않습니다
https://www.wevity.com/?c=find&s=1&mode=end&gbn=viewok&gp=1&ix=86093,제16회 문열공 매운당 이조년 선생 추모전국 백일장 공모전,제16회 문열공 매운당 이조년 선생 추모전국 백일장 공모전
https://www.wevity.com/?c=find&s=1&mode=end&gbn=viewok&gp=1&ix=86094,제22회 신동엽 시인 전국 고교 백일장,제22회 신동엽 시인 전국 고교 백일장신동엽 시인의 문학정신과 역사의식을 기리고 계승하기 위하여 전국의 고등학생들과 같은 연령의 청소년들을 대상으로 신동엽백일장을 개최하오니 많은 관심과 참가 바랍니다 일시 및 장소 일시 2024 5 25 토 오전 10시 00분 장소 부여중학교 내 부여군민체육관 10 00 13 00 글쓰기 대회 도보 이동 5분 거리 신동엽문학관 14 00 17 30 봄 문학제 심사 시상식 접수기간 2024 4 12 금 09 00 5 24 금 18 00 응시 부문 및 자격 응시부문 운문 또는 산문 응시자격 전국 고등학교 재학생 또는 같은 연령의 만18세 청소년 시상식 및 시상 인원 시 상 식 2024년 5월 25일 17 00 시상인원 대상 1 장원 2 금상 4 은상 6 동상 8 입선 10 심사결과에 따라 조정 가능 참가자 혜택 및 유의사항 당일 오후에 진행되는 봄 문학제 와 시상식에 많은 참가 요망 참가자 도서 제공 수상자들에게는 상금 및 상장과 상품 참가자 전원에게는 시상식 마친 후 기념품 제공 학생증 청소년증 주민등록증 등 본인확인이 가능한 신분증이나 서류 미지참 시 응시 불가능 점심 식사는 제공하지 않으므로 도시락을 지참하거나 지역 식당 권장 필기구는 볼펜 흑색 청색 이나 플러스펜 흑색 청색 을 사용하며 연필은 사용 불가능 부여중학교 내 부여군민체육관이나 정림사지박물관 내 무료 주차 가능 작품은 지정된 장소에서 써야 하며 다른 곳에서 쓴 작품은 무효로 처리됨 문의 신동엽 문학관 충남 부여군 부여읍 신동엽길 12 전화 041 833 2725 또는 이메일 shindongyeop407 hanmail net
https://www.wevity.com/?c=find&s=1&mode=end&gbn=viewok&gp=1&ix=86095,부산여성가족과 평생교육진흥원 2025년 연구 과제 발굴을 위한 수요조사,부산여성가족과 평생교육진흥원 2025년 연구 과제 발굴을 위한 수요조사부산여성가족 평생교육진흥원은 양성평등사회 실현 및 건강한 가정을 구현하고 평생교육진흥에 기여하고자 설립된 부산광역시 출연 재단법인입니다 본원은 부산시민의 요구에 부합하고 정책활용도 높은 연구과제를 발굴하기 위해 2025년 연구과제 수요조사를 실시하고 있습니다 귀하께서 제안하시는 의견은 향후 수행할 과제에 반영하여 실효성 있는 정책대안을 수립하는 데 활용될 것입니다 붙임자료를 참조하시고 다양한 의견을 제안해주시면 감사하겠습니다 참 여 관심 있는 부산 시민 누구나 제안내용 2025년도 연구 과제 연구 분야 여성 성평등 가족 다문화 아동 청소년 제안기간 2024 4 15 월 6 7 금 보상 2025년 과제로 채택된 과제 또는 우수한 제안과제에 대해 보상 동백전 혹은 온누리상품권 지급 적합한 과제가 없을 경우 선정하지 않을 수 있음 최우수 10만원상당 동백전 혹은 온누리상품권 우수 5만원상당 동백전 혹은 온누리상품권 장려 3만원상당 동백전 혹은 온누리상품권 제출 서식 제안서 붙임1 과제제안 서식 참조 접수방법① 온라인 접수 https forms gle pNFMwAjkCneECtUW7 ② 본원 홈페이지 시민소통게시판 통해 제안③ 이메일 syock bgli re kr 홈페이지 및 이메일 통한 접수는 제안서를 다운로드하여 제출 문의 부산여성가족과 평생교육진흥원 051 330 3465 3427 3428
https://www.wevity.com/?c=find&s=1&mode=end&gbn=viewok&gp=1&ix=86096,제42회 전국한밭문학 공모전,제42회 전국한밭문학 공모전 사 한국문인협회 대전광역시지회에서는 1회부터 41회에 이르기까지 개최된 전국 규모의 문학축제이자 오랜 문화예술 사업을 코로나19 바이러스로 인하여 계속적으로 유지하기 어려운 상황에 처한 바 한밭전국백일장을 전국의 초 중 고 학생과 대학 일반인을 대상으로 부득이 다음과 같이 온라인 공모전으로 전환하며 제42회부터는 전국한밭문학공모전 으로 개칭하여 시행하는 바입니다 글 제 대전0시축제 우주 금강 한 가지를 택하여 작성 접수기간 2024 5 1 5 31 응 모 료 무료 접수방법 대전문인협회 카페에서 신청양식내려 받아 작성대전문인협회 이메일 djmh5300 daum net 로 접수 접수문의 대전문인협회 사무국 042 633 5300 공통유의사항 출품작은 국내 외에 발표되지 않은 창작물이어야 하며 대리작 및 타 공모전 수상작 표절 또는 차용작은 출품 불가하며 등단한 문인은 참여할 수 없음 심사결과 응모 편수 및 작품 수준에 따라 시상내역을 조정하거나 시상하지 않을 수 있으 며 시상 발표 및 시상일정 등은 사정에 의해 변경될 수 있음 심사 내용은 비공개 운문은 3편 이내 산문은 1편 제출 수상자들의 작품을 모아서 수상작품집 발간 시상결과 발표 및 시상 2024 6 21 대전문인협회 카페 및 개별 통보하며 대전문협 여름축제 때 시상 예정
https://www.wevity.com/?c=find&s=1&mode=end&gbn=viewok&gp=1&ix=86097,제3회 전국 어린이 독후감 쓰기 대회,제3회 전국 어린이 독후감 쓰기 대회
https://www.wevity.com/?c=find&s=1&mode=end&gbn=viewok&gp=1&ix=86098,제39회 경기여성 기 예 경진대회,제39회 경기여성 기 예 경진대회제39회 경기여성 기 예 경진대회를 아래와 같이 실시하게 되었습니다 공모전 접수 시 수필 캘리그라피 사진 회화 경진대회 대면 꽃꽂이 라탄공예 문의 031 222 5857 239 5857 kwga85 naver com
https://www.wevity.com/?c=find&s=1&mode=end&gbn=viewok&gp=1&ix=86099,2024 현대오토에버 배리어프리 앱 개발 콘테스트,2024 현대오토에버 배리어프리 앱개발 콘테스트 공모주제 사회취약계층 이동 및 생활 편의 증진 앱 개발 참가대상 유형 1 앱 개발 가능 대학 원 생 3인 유형 2 앱 개발 가능 대학 원 생 3인 지도교수 1인 지속 멘토링 가능자 유형1 2에 따른 차등 요소 없음 참가방법 아이디어 공모 4월 15일 월 5월 19일까지 조기 접수팀 가산점 부여 심사기간 5월 20일 월 6 9 일 면접심사 7월 6일 토 교육캠프 7월 16일 화 17일 수 개발기간 8월 1일 목 12월 31일 화 최종발표 2025년 2월 중순 예정 주제 예시 시각장애인 횡단보도 보행 지원 휠체어 장애인 길 안내 등 참가신청 배리어프리 앱 개발 콘테스트 홈페이지 참가신청서 작성 공모전 유의사항 콘테스트 전 과정 필수 참석 제작 앱의 저작권은 개발자 에 귀속되나 완성된 앱에 본 사업 지원임을 표기 의무 표절 및 기간 중 유료전환 사실이 밝혀질 경우 참가무효 처리 되며 지원금 전액 환수 무료 배포 원칙 등록 완료 앱 임의 삭제 불가 완성 앱 스토어 등록 필수 제작지원금 각 팀 당 500만원 지원 8팀 선발 우수제작팀 시상 및 추가제작지원금 상금 지원 대 상 과학기술정보통신부 장관상 및 추가제작지원금 500만원 1팀 최 우 수 현대오토에버 대표이사상 및 추가제작지원금 300만원 1팀 우 수 국립특수교육원장상 및 주관기관장상 추가제작지원금 100만원 2팀 문의 사 그린라이트 유세희 슈퍼바이저 Tel 02 6677 4943 autoeverapps naver com
